Month,Car Class,MDBF,12-Month Average MDBF,Total Miles,Number of Failures,Number of Cars
2023-09,ADIVISION,"160,298",161061,12022361,75,2890
2023-09,BDIVISION,"101,996",108350,15095407,148,3563
2023-09,FLEET,"121,604",126416,27117768,223,6453
2023-09,R142,"226,878",179710,4537563,20,1025
2023-09,R142A,"103,792",156080,934132,9,220
2023-09,R143,"430,544",272543,861088,2,212
2023-09,R160,"312,417",258143,6873168,22,1662
2023-09,R179,"220,515",241515,1323089,6,318
2023-09,R188-CONVERSION,"190,256",246172,1331792,7,380
2023-09,R188-NEW,"494,200",323696,494200,1,126
2023-09,R46,"35,751",44871,3360615,94,746
2023-09,R62,"143,398",152075,1290578,9,315
2023-09,R62A,"118,417",124135,3434096,29,824
2023-09,R68,"148,881",120847,1935456,13,425
2023-09,R68A,"67,454",68456,741991,11,200
2023-08,ADIVISION,"175,040",160053,12952966,74,2890
2023-08,BDIVISION,"92,114",110386,16580561,180,3563
2023-08,FLEET,"116,274",127662,29533527,254,6453
2023-08,R142,"287,364",178310,4885195,17,1025
2023-08,R142A,"143,787",170853,1006506,7,220
2023-08,R143,"172,429",273150,862145,5,212
2023-08,R160,"243,229",264423,7540098,31,1662
2023-08,R179,"214,912",240914,1504383,7,318
2023-08,R188-CONVERSION,"161,295",251091,1451651,9,380
2023-08,R188-NEW,"469,321",306099,469321,1,126
2023-08,R46,"38,537",45878,3853741,100,746
2023-08,R62,"113,033",150104,1356401,12,315
2023-08,R62A,"135,139",121153,3783891,28,824
2023-08,R68,"81,257",120063,1950166,24,425
2023-08,R68A,"66,925",71219,870028,13,200
2023-07,ADIVISION,"138,298",158130,12446840,90,2890
2023-07,BDIVISION,"93,760",113638,16126704,172,3563
2023-07,FLEET,"109,059",129545,28573544,262,6453
2023-07,R142,"155,730",175695,4671902,30,1025
2023-07,R142A,"118,488",175769,947906,8,220
2023-07,R160,"228,079",271769,7298524,32,1662
2023-07,R179,"124,215",252967,1490574,12,318
2023-07,R188-CONVERSION,"202,629",237411,1418404,7,380
2023-07,R46,"40,306",46963,3748460,93,746
2023-07,R62,"125,414",149361,1379552,11,315
2023-07,R62A,"111,489",119681,3567660,32,824
2023-07,R68,"113,473",124256,1929034,17,425
2023-07,R68A,"71,208",76243,783291,11,200
2023-07,R143,"125,260",272352,876821,7,212
2023-07,R188-NEW,"230,708",307385,461416,2,126
2023-06,ADIVISION,192438,161980,12700940,66,2890
2023-06,BDIVISION,101023,115913,16264749,161,3563
2023-06,FLEET,127602,132362,28965689,227,6453
2023-06,R142,207167,180602,4764830,23,1025
2023-06,R142A,200082,180220,1000410,5,220
2023-06,R160,346898,282784,7284866,21,1662
2023-06,R179,121190,284998,1454279,12,318
2023-06,R188-CONVERSION,1404922,244783,1404922,1,380
2023-06,R46,37266,47251,3801165,102,746
2023-06,R62,141185,150199,1411845,10,315
2023-06,R62A,134812,122501,3639926,27,824
2023-06,R68,115603,125717,1965245,17,425
2023-06,R68A,118977,81429,832841,7,200
2023-06,R143,463177,259969,926353,2,212
2023-06,R188-NEW,N/A,324269,479007,0,126
2023-05,ADIVISION,"143,881",163497,12949260,90,2890
2023-05,BDIVISION,"119,342",118510,16707932,140,3563
2023-05,FLEET,"128,944",134706,29657192,230,6453
2023-05,R142,"157,940",179932,4896134,31,1025
2023-05,R142A,"132,576",182350,1060607,8,220
2023-05,R160,"258,641",277168,7500596,29,1662
2023-05,R179,"305,791",326621,1528953,5,318
2023-05,R188-CONVERSION,"300,614",241159,1503069,5,380
2023-05,R46,"53,389",49257,3897421,73,746
2023-05,R62,"191,391",148667,1339734,7,315
2023-05,R62A,"97,713",126513,3713076,38,824
2023-05,R68,"137,550",124842,2063246,15,425
2023-05,R68A,"44,329",84156,753591,17,200
2023-05,R143,"964,125",223012,964125,1,212
2023-05,R188-NEW,"436,640",321932,436640,1,126
2023-04,ADIVISION,"155,023",167408,12246779,79,2890
2023-04,BDIVISION,"118,173",119724,15953293,135,3563
2023-04,FLEET,"131,776",136751,28200072,214,6453
2023-04,R142,"147,136",186581,4561231,31,1025
2023-04,R142A,"140,410",183920,982867,7,220
2023-04,R143,"216,084",207917,864335,4,212
2023-04,R160,"226,124",277411,7235956,32,1662
2023-04,R179,"293,489",326486,1467443,5,318
2023-04,R188-CONVERSION,"228,360",226244,1370161,6,380
2023-04,R188-NEW,"152,833",305501,458499,3,126
2023-04,R46,"54,653",49668,3716381,68,746
2023-04,R62,"159,715",150787,1277721,8,315
2023-04,R62A,"149,846",131848,3596300,24,824
2023-04,R68,"122,730",125784,1963678,16,425
2023-04,R68A,"70,550",92418,705500,10,200
2023-03,ADIVISION,"200,730",171489,13047445,65,2890
2023-03,BDIVISION,"105,368",119582,16964185,161,3563
2023-03,FLEET,"132,795",137822,30011630,226,6453
2023-03,R142,"202,961",194919,4871073,24,1025
2023-03,R142A,"353,758",193107,1061274,3,220
2023-03,R160,"231,225",281446,7630422,33,1662
2023-03,R179,"241,840",326423,1451038,6,318
2023-03,R188-CONVERSION,"282,361",209604,1411806,5,380
2023-03,R46,"49,314",49171,4093099,83,746
2023-03,R62,"222,816",146925,1336898,6,315
2023-03,R62A,"145,061",137108,3916660,27,824
2023-03,R68,"111,101",123305,2110918,19,425
2023-03,R68A,"42,474",96772,807001,19,200
2023-03,R143,"871,707",211892,871707,1,212
2023-03,R188-NEW,N/A,320321,449734,0,126
2023-02,ADIVISION,"155,583",169489,11357524,73,2890
2023-02,BDIVISION,"119,140",121774,15011602,126,3563
2023-02,FLEET,"132,508",138884,26369127,199,6453
2023-02,R142,"134,422",196625,4301516,32,1025
2023-02,R142A,"232,215",181404,928860,4,220
2023-02,R160,"215,437",285652,6678562,31,1662
2023-02,R179,"333,942",327118,1335767,4,318
2023-02,R188-CONVERSION,"238,343",199151,1191714,5,380
2023-02,R46,"54,693",50026,3609770,66,746
2023-02,R62,"191,292",143875,1147749,6,315
2023-02,R62A,"131,083",137482,3408161,26,824
2023-02,R68,"142,576",121505,1853485,13,425
2023-02,R68A,"58,193",108001,698311,12,200
2023-02,R143,N/A,207037,835707,0,212
2023-02,R188-NEW,N/A,268980,379525,0,126
2023-01,R188-CONVERSION,"716,360",187414,1432719,2,380
2023-01,ADIVISION,"181,135",170134,13041727,72,2890
2023-01,BDIVISION,"105,280",121703,16950039,161,3563
2023-01,FLEET,"128,720",139081,29991766,233,6453
2023-01,R142,"198,157",203765,4953922,25,1025
2023-01,R142A,"345,070",175251,1035209,3,220
2023-01,R143,"124,853",182515,873968,7,212
2023-01,R160,"218,369",293598,7642932,35,1662
2023-01,R179,"392,458",295611,1569830,4,318
2023-01,R46,"45,506",49558,3959062,87,746
2023-01,R62,"128,289",137300,1282888,10,315
2023-01,R62A,"124,499",140799,3859462,31,824
2023-01,R68,"139,877",124761,2098159,15,425
2023-01,R68A,"62,007",114910,806088,13,200
2023-01,R188-NEW,"477,527",245364,477527,1,126
2022-12,ADIVISION,"145,498",169290,12803865,88,2890
2022-12,BDIVISION,"106,620",122807,16526166,155,3563
2022-12,FLEET,"120,700",139696,29330031,243,6453
2022-12,R142,"167,634",206264,4861393,29,1025
2022-12,R142A,"198,220",159852,991100,5,220
2022-12,R143,"191,042",179231,955209,5,212
2022-12,R160,"371,706",300347,7434118,20,1662
2022-12,R179,"241,222",274400,1447333,6,318
2022-12,R188-CONVERSION,"132,268",172852,1454944,11,380
2022-12,R188-NEW,"163,169",205027,489507,3,126
2022-12,R46,"39,476",50106,3868694,98,746
2022-12,R62,"126,325",140245,1263247,10,315
2022-12,R62A,"124,789",144445,3743674,30,824
2022-12,R68,"110,652",122490,1991736,18,425
2022-12,R68A,"103,635",125110,829076,8,200
2022-11,R179,"756,529",278092,1513057,2,318
2022-11,ADIVISION,"152,764",173364,12526675,82,2890
2022-11,BDIVISION,"128,437",126595,16054577,125,3563
2022-11,FLEET,"138,074",143684,28581252,207,6453
2022-11,R142,"146,851",218028,4699217,32,1025
2022-11,R142A,"203,971",163727,1019854,5,220
2022-11,R160,"262,307",297431,7344597,28,1662
2022-11,R188-CONVERSION,"269,361",172767,1346803,5,380
2022-11,R46,"50,985",52669,3721872,73,746
2022-11,R62,"182,155",141769,1275083,7,315
2022-11,R62A,"120,820",147684,3745415,31,824
2022-11,R68,"175,098",122330,1926079,11,425
2022-11,R68A,"90,979",127293,727831,8,200
2022-11,R143,"273,714",191024,821141,3,212
2022-11,R188-NEW,"220,152",180365,440303,2,126
2022-10,ADIVISION,"154,348",175734,12656571,82,2890
2022-10,BDIVISION,"124,075",127672,16253830,131,3563
2022-10,FLEET,"135,730",145170,28910401,213,6453
2022-10,R142,"217,476",229989,4784470,22,1025
2022-10,R142A,"80,725",159531,1049428,13,220
2022-10,R160,"280,959",299586,7304937,26,1662
2022-10,R179,"386,206",265047,1544824,4,318
2022-10,R188-CONVERSION,"284,340",167936,1421701,5,380
2022-10,R188-NEW,"155,720",176819,467161,3,126
2022-10,R46,"50,623",53475,3644853,72,746
2022-10,R62,"191,666",141934,1149996,6,315
2022-10,R62A,"114,661",149425,3783815,33,824
2022-10,R68,"106,301",121184,2019722,19,425
2022-10,R68A,"102,863",138113,822905,8,200
2022-10,R143,"458,295",185077,916589,2,212
2022-09,ADIVISION,"148,906",179927,12359201,83,2890
2022-09,BDIVISION,"130,001",126798,15990111,123,3563
2022-09,FLEET,"137,618",145751,28349312,206,6453
2022-09,R142,"202,352",236916,4451752,22,1025
2022-09,R142A,"348,848",164211,1046543,3,220
2022-09,R160,"477,144",297525,7157157,15,1662
2022-09,R179,"217,160",263318,1520121,7,318
2022-09,R188-CONVERSION,"235,864",173907,1415186,6,380
2022-09,R46,"46,699",53302,3642557,78,746
2022-09,R62,"123,964",140485,1239637,10,315
2022-09,R62A,"92,624",152967,3704950,40,824
2022-09,R68,"134,736",118826,2021047,15,425
2022-09,R68A,"127,410",148797,764461,6,200
2022-09,R143,"442,384",166867,884768,2,212
2022-09,R188-NEW,"250,567",186258,501134,2,126
2022-08,ADIVISION,"151,577",187594,13035644,86,2890
2022-08,BDIVISION,"128,338",123792,16427201,128,3563
2022-08,FLEET,"137,677",145581,29462845,214,6453
2022-08,R142,"224,190",240935,4932187,22,1025
2022-08,R142A,"200,805",155761,1004023,5,220
2022-08,R143,"166,201",166513,831003,5,212
2022-08,R160,"346,127",284569,7268661,21,1662
2022-08,R179,"409,352",260948,1637406,4,318
2022-08,R188-CONVERSION,"114,212",180648,1484754,13,380
2022-08,R46,"50,054",52879,3804067,76,746
2022-08,R62,"106,653",148251,1279839,12,315
2022-08,R62A,"116,435",166544,3842370,33,824
2022-08,R68,"113,279",112944,2039019,18,425
2022-08,R68A,"211,761",132127,847045,4,200
2022-08,R188-NEW,"492,471",191756,492471,1,126
2022-07,ADIVISION,"185,095",192223,12401392,67,2890
2022-07,BDIVISION,"116,646",123337,15630543,134,3563
2022-07,FLEET,"139,462",146339,28031935,201,6453
2022-07,R142,"220,531",243293,4631152,21,1025
2022-07,R142A,"153,541",156097,1074784,7,220
2022-07,R143,"101,535",168056,913816,9,212
2022-07,R160,"383,199",284496,6897575,18,1662
2022-07,R179,"371,204",237536,1484814,4,318
2022-07,R188-CONVERSION,"290,452",196556,1452258,5,380
2022-07,R46,"42,934",53035,3649362,85,746
2022-07,R62,"129,498",152044,1165483,9,315
2022-07,R62A,"151,527",170097,3636658,24,824
2022-07,R68,"130,989",112004,1833841,14,425
2022-07,R68A,"212,784",121484,851135,4,200
2022-07,R188-NEW,"441,057",199218,441057,1,126
2022-06,R188-CONVERSION,"698,002",191206,1396004,2,380
2022-06,ADIVISION,"223,969",190264,12318313,55,2890
2022-06,BDIVISION,"131,398",123492,15767730,120,3563
2022-06,FLEET,"160,492",145897,28086043,175,6453
2022-06,R142,"198,024",244898,4554556,23,1025
2022-06,R142A,"240,730",150451,962919,4,220
2022-06,R143,"108,025",184898,972227,9,212
2022-06,R160,"266,738",275648,6935183,26,1662
2022-06,R179,"365,890",240339,1463559,4,318
2022-06,R46,"61,005",53420,3660317,60,746
2022-06,R62,"125,706",158085,1257059,10,315
2022-06,R62A,"231,780",164054,3708483,16,824
2022-06,R68,"106,885",112306,1923929,18,425
2022-06,R68A,"270,838",114246,812515,3,200
2022-06,R188-NEW,N/A,210944,439292,0,126
2022-05,ADIVISION,"190,308",184371,12370008,65,2890
2022-05,BDIVISION,"136,425",124297,15825255,116,3565
2022-05,FLEET,"155,775",144929,28195263,181,6455
2022-05,R142,"253,244",245486,4558391,18,1025
2022-05,R142A,"140,265",138831,981853,7,220
2022-05,R143,"215,822",201339,863286,4,212
2022-05,R160,"260,081",278843,7022193,27,1662
2022-05,R179,"304,311",245540,1521554,5,318
2022-05,R188-CONVERSION,"151,557",184132,1364011,9,380
2022-05,R46,"60,668",52935,3579425,59,748
2022-05,R62,"250,469",170641,1252344,5,315
2022-05,R62A,"156,275",151985,3750592,24,824
2022-05,R68,"153,203",116672,1991643,13,425
2022-05,R68A,"105,894",108669,847154,8,200
2022-05,R188-NEW,"231,408",197660,462816,2,126
2022-04,ADIVISION,"212,887",182266,12134557,57,2890
2022-04,BDIVISION,"116,468",124403,15723244,135,3565
2022-04,FLEET,"145,093",144366,27857801,192,6455
2022-04,R142,"252,050",237529,4536907,18,1025
2022-04,R142A,"252,481",136783,1009922,4,220
2022-04,R160,"262,505",277642,7087627,27,1662
2022-04,R179,"292,797",244225,1463983,5,318
2022-04,R188-CONVERSION,"116,372",181498,1396458,12,380
2022-04,R46,"48,126",53242,3561304,74,748
2022-04,R62,"118,923",173199,1189233,10,315
2022-04,R62A,"327,010",151974,3597106,11,824
2022-04,R68,"99,410",112495,1988208,20,425
2022-04,R68A,"127,824",112994,766945,6,200
2022-04,R143,"285,059",199938,855177,3,212
2022-04,R188-NEW,"202,466",191554,404931,2,126
2022-03,ADIVISION,"173,232",183774,12992365,75,2890
2022-03,BDIVISION,"128,740",126656,16607464,129,3565
2022-03,FLEET,"145,097",146438,29599829,204,6455
2022-03,R142,"225,880",241375,4969357,22,1025
2022-03,R142A,"149,935",127665,1049544,7,220
2022-03,R160,"267,621",283377,7493379,28,1662
2022-03,R179,"248,209",230648,1489255,6,318
2022-03,R188-CONVERSION,"152,458",201105,1372120,9,380
2022-03,R188-NEW,"127,961",202345,383884,3,126
2022-03,R46,"61,646",55270,3822056,62,748
2022-03,R62,"164,569",187097,1316551,8,315
2022-03,R62A,"150,035",147702,3900910,26,824
2022-03,R68,"96,732",114459,2128106,22,425
2022-03,R68A,"93,183",104463,838651,9,200
2022-03,R143,"418,009",193691,836017,2,212
2022-02,ADIVISION,"163,114",187859,11417965,70,2890
2022-02,BDIVISION,"118,048",127079,14047672,119,3565
2022-02,FLEET,"134,739",147775,25465637,189,6455
2022-02,R142,"195,715",241930,4305733,22,1025
2022-02,R142A,"144,526",132153,867157,6,220
2022-02,R143,"113,362",179938,680170,6,212
2022-02,R160,"292,491",295530,6142321,21,1662
2022-02,R179,"137,653",220155,1376532,10,318
2022-02,R188-CONVERSION,"120,936",206399,1330294,11,380
2022-02,R46,"48,391",55590,3242227,67,748
2022-02,R62,"105,186",199004,1157044,11,315
2022-02,R62A,"186,657",149712,3359822,18,824
2022-02,R68,"233,472",112335,1867775,8,425
2022-02,R68A,"105,521",101895,738647,7,200
2022-02,R188-NEW,"198,958",224292,397915,2,126
2022-01,ADIVISION,"170,841",192849,11958893,70,2890
2022-01,BDIVISION,"114,288",126636,14514527,127,3565
2022-01,FLEET,"134,383",148627,26473420,197,6455
2022-01,R142,"229,457",253194,4818596,21,1025
2022-01,R142A,"103,534",136766,931807,9,220
2022-01,R143,"98,107",187837,686747,7,212
2022-01,R160,"264,406",298071,6610161,25,1662
2022-01,R179,"171,693",204392,1373544,8,318
2022-01,R188-CONVERSION,"148,012",208817,1332108,9,380
2022-01,R188-NEW,"82,045",235502,410227,5,126
2022-01,R46,"51,440",56063,3395070,66,748
2022-01,R62,"173,322",213526,1039933,6,315
2022-01,R62A,"171,311",149604,3426222,20,824
2022-01,R68,"111,688",107354,1787002,16,425
2022-01,R68A,"132,401",97458,662003,5,200
2021-12,ADIVISION,"191,347",199111,12054857,63,2890
2021-12,BDIVISION,"154,613",127117,15152077,98,3565
2021-12,FLEET,"168,987",150363,27206934,161,6455
2021-12,R142,"351,753",261347,4572784,13,1025
2021-12,R142A,"318,076",136474,954228,3,220
2021-12,R160,"329,009",300215,6909195,21,1662
2021-12,R179,"281,844",187811,1409218,5,318
2021-12,R188-CONVERSION,"131,523",224982,1446749,11,380
2021-12,R188-NEW,"64,897",285636,389381,6,126
2021-12,R46,"71,806",56437,3518512,49,748
2021-12,R62,"142,274",223666,1138193,8,315
2021-12,R62A,"161,524",151869,3553522,22,824
2021-12,R68,"108,160",106523,1838728,17,425
2021-12,R68A,"122,619",99453,613095,5,200
2021-12,R143,"863,329",211173,863329,1,212
2021-11,ADIVISION,"177,830",200730,12092446,68,2890
2021-11,BDIVISION,"143,213",125829,15610166,109,3565
2021-11,FLEET,"156,512",149595,27702612,177,6455
2021-11,R142,"252,308",256140,4541551,18,1025
2021-11,R142A,"145,511",134849,873066,6,220
2021-11,R143,"175,216",197810,876081,5,212
2021-11,R160,"282,229",305546,7055724,25,1662
2021-11,R179,"294,667",168040,1473336,5,318
2021-11,R188-CONVERSION,"172,745",241196,1381959,8,380
2021-11,R46,"61,462",55979,3687701,60,748
2021-11,R62,"184,568",239463,1291974,7,315
2021-11,R62A,"135,793",149739,3666416,27,824
2021-11,R68,"152,357",109998,1828279,12,425
2021-11,R68A,"344,523",91798,689045,2,200
2021-11,R188-NEW,"168,741",396906,337481,2,126
2021-10,R188-CONVERSION,"1,323,191",256073,1323191,1,380
2021-10,ADIVISION,"204,144",204255,12044511,59,2890
2021-10,BDIVISION,"114,821",124484,15730439,137,3565
2021-10,FLEET,"141,709",149225,27774950,196,6455
2021-10,R142,"326,093",252277,4565295,14,1025
2021-10,R142A,"90,311",140468,903108,10,220
2021-10,R143,"114,533",202337,916265,8,212
2021-10,R160,"261,532",310421,7322886,28,1662
2021-10,R179,"357,253",157541,1429011,4,318
2021-10,R46,"48,806",56083,3611635,74,748
2021-10,R62,"160,393",246949,1283147,8,315
2021-10,R62A,"144,056",152292,3601398,25,824
2021-10,R68,"85,939",103693,1804727,21,425
2021-10,R68A,"322,958",86603,645915,2,200
2021-10,R188-NEW,"368,372",437387,368372,1,126
2021-09,R188-CONVERSION,"669,864",246069,1339727,2,380
2021-09,R143,"431,601",225224,863202,2,212
2021-09,ADIVISION,"257,152",204641,11314686,44,2890
2021-09,BDIVISION,"99,329",124894,14899309,150,3565
2021-09,FLEET,"135,124",149583,26213995,194,6455
2021-09,R142,"246,327",245694,4187553,17,1025
2021-09,R142A,"152,314",146878,913885,6,220
2021-09,R160,"256,238",310684,6918437,27,1662
2021-09,R179,"194,471",145752,1361294,7,318
2021-09,R46,"42,313",56616,3300390,78,748
2021-09,R62,"289,443",260856,1157772,4,315
2021-09,R62A,"232,708",154342,3257912,14,824
2021-09,R68,"77,542",107905,1783476,23,425
2021-09,R68A,"51,732",78740,672510,13,200
2021-09,R188-NEW,"457,837",413961,457837,1,126
2021-08,ADIVISION,"194,031",206054,11835879,61,2890
2021-08,BDIVISION,"123,000",127021,15989945,130,3565
2021-08,FLEET,"145,685",151616,27825824,191,6455
2021-08,R142,"249,952",253437,4499131,18,1025
2021-08,R142A,"218,210",152987,872840,4,220
2021-08,R143,"185,025",198635,925126,5,212
2021-08,R160,"342,351",314081,7531714,22,1662
2021-08,R179,"149,403",143020,1494031,10,318
2021-08,R188-CONVERSION,"275,167",246549,1375835,5,380
2021-08,R46,"51,496",58697,3347211,65,748
2021-08,R62,"132,822",250078,1195401,9,315
2021-08,R62A,"136,217",152904,3405424,25,824
2021-08,R68,"103,217",110844,1961116,19,425
2021-08,R68A,"81,194",77119,730747,9,200
2021-08,R188-NEW,N/A,416159,487247,0,126
2021-07,ADIVISION,"165,285",205000,12065815,73,2890
2021-07,BDIVISION,"118,428",127351,15987766,135,3565
2021-07,FLEET,"134,873",151556,28053581,208,6455
2021-07,R142,"236,970",256753,4502434,19,1025
2021-07,R142A,"107,052",144277,963466,9,220
2021-07,R143,"254,165",182279,1016660,4,212
2021-07,R160,"252,400",321011,7319599,29,1662
2021-07,R179,"483,038",142382,1449115,3,318
2021-07,R188-CONVERSION,"197,900",246398,1385302,7,380
2021-07,R46,"45,837",59000,3529440,77,748
2021-07,R62,"210,862",244937,1265172,6,315
2021-07,R62A,"107,068",154367,3426161,32,824
2021-07,R68,"133,830",113338,2007454,15,425
2021-07,R68A,"95,071",73942,665498,7,200
2021-07,R188-NEW,N/A,343101,523280,0,126
2021-06,R179,"673,475",131849,1346949,2,318
2021-06,ADIVISION,"154,499",205351,11896399,77,2890
2021-06,BDIVISION,"143,058",126943,15736376,110,3565
2021-06,FLEET,"147,769",151255,27632775,187,6455
2021-06,R142,"201,826",254767,4440166,22,1025
2021-06,R142A,"92,440",135622,924402,10,220
2021-06,R143,"221,564",173131,886254,4,212
2021-06,R160,"306,465",327838,7355167,24,1662
2021-06,R188-CONVERSION,"267,998",258886,1339990,5,380
2021-06,R46,"54,532",58857,3435491,63,748
2021-06,R62,"405,900",233970,1217701,3,315
2021-06,R62A,"98,810",160853,3458354,35,824
2021-06,R68,"181,624",114035,1997860,11,425
2021-06,R68A,"119,109",72736,714655,6,200
2021-06,R188-NEW,"257,893",290087,515786,2,126
2021-05,ADIVISION,"166,443",208362,11817419,71,2890
2021-05,BDIVISION,"137,672",126370,16107671,117,3565
2021-05,FLEET,"148,538",151474,27925090,188,6455
2021-05,R142,"178,189",258648,4454724,25,1025
2021-05,R142A,"116,570",133006,815990,7,220
2021-05,R143,"198,350",168956,991748,5,212
2021-05,R160,"249,659",326603,7489767,30,1662
2021-05,R179,"285,903",119170,1429514,5,318
2021-05,R188-CONVERSION,"131,105",259042,1311049,10,380
2021-05,R188-NEW,"165,203",288442,495608,3,126
2021-05,R46,"66,104",60398,3503494,53,748
2021-05,R62,"324,152",237856,1296607,4,315
2021-05,R62A,"156,520",165860,3443442,22,824
2021-05,R68,"97,816",109860,1956321,20,425
2021-05,R68A,"184,207",68002,736827,4,200
2021-04,ADIVISION,"240,728",210673,12036413,50,2890
2021-04,BDIVISION,"144,313",125948,16307390,113,3565
2021-04,FLEET,"173,888",151662,28343803,163,6455
2021-04,R142,"318,007",270994,4452091,14,1025
2021-04,R142A,"101,075",133387,909674,9,220
2021-04,R143,"183,539",165204,917696,5,212
2021-04,R160,"337,795",326548,7431498,22,1662
2021-04,R179,"159,576",117002,1436183,9,318
2021-04,R188-CONVERSION,"450,389",289801,1351168,3,380
2021-04,R46,"77,554",60731,3722590,48,748
2021-04,R62,"308,516",219590,1234063,4,315
2021-04,R62A,"189,234",162707,3595455,19,824
2021-04,R68,"120,322",110983,2045481,17,425
2021-04,R68A,"62,829",63722,753942,12,200
2021-04,R188-NEW,"493,962",326665,493962,1,126
2021-03,ADIVISION,"226,615",211451,12237227,54,2890
2021-03,BDIVISION,"133,676",125098,16976852,127,3565
2021-03,FLEET,"161,404",151093,29214079,181,6455
2021-03,R142,"230,520",272688,4610390,20,1025
2021-03,R142A,"302,302",135416,906905,3,220
2021-03,R143,"141,866",168125,993064,7,212
2021-03,R160,"476,086",323775,7617370,16,1662
2021-03,R179,"159,338",115532,1593377,10,318
2021-03,R188-CONVERSION,"198,312",291646,1388187,7,380
2021-03,R46,"66,459",59590,3788140,57,748
2021-03,R62,"416,763",216497,1250288,3,315
2021-03,R62A,"178,777",163399,3575542,20,824
2021-03,R68,"82,713",111167,2150539,26,425
2021-03,R68A,"75,851",64806,834362,11,200
2021-03,R188-NEW,"505,915",329456,505915,1,126
2021-02,ADIVISION,"230,057",210500,10582601,46,2890
2021-02,BDIVISION,"113,449",122704,14408049,127,3565
2021-02,FLEET,"144,455",148867,24990650,173,6455
2021-02,R142,"366,582",281678,4032397,11,1025
2021-02,R142A,"278,391",129594,835172,3,220
2021-02,R143,"192,630",175309,770520,4,212
2021-02,R160,"329,056",300407,6581111,20,1662
2021-02,R179,"85,833",109722,1373324,16,318
2021-02,R188-CONVERSION,"122,625",313123,1103628,9,380
2021-02,R46,"53,458",58663,3207484,60,748
2021-02,R62,"191,586",212098,1149516,6,315
2021-02,R62A,"189,403",160004,3030448,16,824
2021-02,R68,"106,636",111440,1812814,17,425
2021-02,R68A,"66,280",65559,662796,10,200
2021-02,R188-NEW,"431,440",288514,431440,1,126
2021-01,R143,"480,514",172337,961027,2,212
2021-01,ADIVISION,"257,542",205633,11589381,45,2890
2021-01,BDIVISION,"120,476",123012,16625729,138,3565
2021-01,FLEET,"154,181",148064,28215110,183,6555
2021-01,R142,"342,797",265746,4456357,13,1025
2021-01,R142A,"100,967",124210,908703,9,220
2021-01,R160,"289,192",295062,7229796,25,1662
2021-01,R179,"98,296",115576,1671037,17,318
2021-01,R188-CONVERSION,"408,989",346459,1226966,3,380
2021-01,R46,"55,714",58309,3788522,68,748
2021-01,R62,"320,539",220253,1282154,4,315
2021-01,R62A,"219,628",154807,3294421,15,824
2021-01,R68,"101,990",111052,2141790,21,425
2021-01,R68A,"166,711",69009,833557,5,200
2021-01,R42,0,0,0,0,37
2021-01,R188-NEW,"420,780",289785,420780,1,126
2021-01,R32,0,58638,0,0,63
2020-12,R188-NEW,"518,980",264106,518980,1,126
2020-12,ADIVISION,"210,389",200012,12202567,58,2890
2020-12,BDIVISION,"132,974",122316,16754668,126,3565
2020-12,FLEET,"157,376",146290,28957235,184,6555
2020-12,R142,"266,762",257772,4534953,17,1025
2020-12,R142A,"240,187",136116,960746,4,220
2020-12,R143,"191,948",171338,959739,5,212
2020-12,R160,"418,507",288467,7533132,18,1662
2020-12,R179,"93,353",118607,1587003,17,318
2020-12,R188-CONVERSION,"231,988",307863,1391927,6,380
2020-12,R46,"63,291",59443,3734172,59,748
2020-12,R62,"305,729",212101,1222916,4,315
2020-12,R62A,"137,425",148652,3573045,26,824
2020-12,R68,"166,127",111264,2159649,13,425
2020-12,R68A,"55,784",63888,780973,14,200
2020-12,R42,0,16519,0,0,37
2020-12,R32,0,39849,0,0,63
2020-11,ADIVISION,"217,309",196161,11517383,53,2890
2020-11,BDIVISION,"124,473",120943,15808099,127,3695
2020-11,FLEET,"151,808",144271,27325482,180,6622
2020-11,R142,"212,134",248902,4242673,20,1025
2020-11,R142A,"300,376",139856,901128,3,220
2020-11,R143,"231,806",166019,927225,4,212
2020-11,R160,"343,243",273723,7208104,21,1662
2020-11,R179,"122,817",130507,1473808,12,318
2020-11,R188-CONVERSION,"334,894",307930,1339575,4,380
2020-11,R46,"63,255",59689,3542272,56,748
2020-11,R62,"252,446",212629,1262232,5,315
2020-11,R62A,"165,247",144547,3304946,20,824
2020-11,R68,"75,119",105816,2028213,27,425
2020-11,R68A,"89,782",67633,628477,7,200
2020-11,R188-NEW,"466,829",248902,466829,1,126
2020-11,R42,0,16080,0,0,37
2020-11,R32,0,36583,0,0,130
2020-10,R143,"349,645",160337,1048935,3,212
2020-10,ADIVISION,"208,663",191041,12311110,59,2890
2020-10,BDIVISION,"119,578",119235,16860440,141,3695
2020-10,FLEET,"145,858",141708,29171550,200,6622
2020-10,R142,"232,176",247971,4411351,19,1025
2020-10,R142A,"136,578",127778,956044,7,220
2020-10,R160,"268,684",262961,8329204,31,1662
2020-10,R179,"93,034",140941,837307,9,318
2020-10,R188-CONVERSION,"360,290",285631,1441161,4,380
2020-10,R46,"54,135",59561,3789455,70,748
2020-10,R62,"266,996",205982,1334980,5,315
2020-10,R62A,"167,718",143417,3689789,22,824
2020-10,R68,"141,736",101776,2126034,15,425
2020-10,R68A,"55,827",65980,725746,13,200
2020-10,R188-NEW,"238,893",226785,477786,2,126
2020-10,R42,0,15696,0,0,37
2020-10,R32,0,38584,3759,0,130
2020-09,R188-CONVERSION,"685,453",284914,1370905,2,380
2020-09,ADIVISION,"282,832",185902,11878926,42,2890
2020-09,BDIVISION,"120,473",118538,16143407,134,3697
2020-09,FLEET,"159,218",139941,28022333,176,6624
2020-09,R142,"393,786",244366,4331641,11,1025
2020-09,R142A,"302,346",126354,907038,3,220
2020-09,R143,"102,692",156775,924225,9,212
2020-09,R160,"293,614",260706,8514806,29,1662
2020-09,R188-NEW,"488,613",239632,488613,1,126
2020-09,R46,"63,549",61064,3812938,60,750
2020-09,R62,"184,811",200693,1293675,7,315
2020-09,R62A,"193,725",136054,3487055,18,824
2020-09,R68,"105,466",92575,2109325,20,425
2020-09,R68A,"43,124",68298,646864,15,200
2020-09,R42,0,16595,0,0,37
2020-09,R32,"94,649",38276,94649,1,130
2020-09,R179,0,140880,40600,0,318
2020-08,ADIVISION,"183,203",173444,11725020,64,2890
2020-08,BDIVISION,"126,891",118179,16876555,133,3697
2020-08,FLEET,"145,186",136517,28601575,197,6624
2020-08,R142,"297,515",228484,4165205,14,1025
2020-08,R142A,"103,943",115667,831540,8,220
2020-08,R143,"98,771",169048,1086483,11,212
2020-08,R160,"443,935",269157,8878704,20,1662
2020-08,R188-CONVERSION,"273,199",280338,1365997,5,380
2020-08,R188-NEW,"164,578",253010,493733,3,126
2020-08,R46,"55,264",60319,3923731,71,750
2020-08,R62,"125,164",203143,1376799,11,315
2020-08,R62A,"151,815",122937,3491746,23,824
2020-08,R68,"135,765",88623,2172246,16,425
2020-08,R68A,"51,344",72194,667476,13,200
2020-08,R42,0,16635,0,0,37
2020-08,R32,"73,958",34960,147915,2,130
2020-08,R179,0,142726,0,0,318
2020-07,ADIVISION,"169,104",171783,12513667,74,2890
2020-07,BDIVISION,"115,042",115993,17141274,149,3697
2020-07,FLEET,"132,982",134394,29654941,223,6624
2020-07,R142,"219,279",225058,4604856,21,1025
2020-07,R142A,"70,887",115623,992422,14,220
2020-07,R143,"141,608",182777,1132867,8,212
2020-07,R160,"319,190",263441,8937317,28,1662
2020-07,R188-CONVERSION,"355,091",298945,1420365,4,380
2020-07,R188-NEW,"164,104",295779,492311,3,126
2020-07,R46,"46,116",60813,4012082,87,750
2020-07,R62,"143,010",204035,1287091,9,315
2020-07,R62A,"161,592",119068,3716622,23,824
2020-07,R68,"142,093",83735,2273480,16,425
2020-07,R68A,"74,436",78090,669921,9,200
2020-07,R42,0,19143,0,0,37
2020-07,R32,"115,390",28665,115390,1,130
2020-07,R179,0,143544,217,0,318
2020-06,R62,"616,228",212520,1232455,2,315
2020-06,R188-NEW,"241,446",356066,482892,2,126
2020-06,ADIVISION,"178,060",171060,12108055,68,2890
2020-06,BDIVISION,"134,432",115107,15863029,118,3697
2020-06,FLEET,"150,382",133480,27971084,186,6624
2020-06,R142,"235,136",224077,4467587,19,1025
2020-06,R142A,"81,764",127190,981166,12,220
2020-06,R143,"157,401",178705,944408,6,212
2020-06,R160,"296,820",257455,8310949,28,1662
2020-06,R188-CONVERSION,"269,935",267979,1349674,5,380
2020-06,R46,"76,512",63096,3749076,49,750
2020-06,R62A,"128,367",115083,3594281,28,824
2020-06,R68,"103,909",79897,2182097,21,425
2020-06,R68A,"46,612",80382,559343,12,200
2020-06,R42,0,23005,0,0,37
2020-06,R179,"58,578",143944,117156,2,318
2020-06,R32,0,26891,0,0,130
2020-05,R188-CONVERSION,"449,853",273394,899706,2,380
2020-05,ADIVISION,"182,311",173417,10027093,55,2895
2020-05,BDIVISION,"133,122",113204,13312165,100,3591
2020-05,FLEET,"150,576",132508,23339258,155,6523
2020-05,R142,"285,166",233360,3992318,14,1030
2020-05,R142A,"122,576",124721,980605,8,220
2020-05,R143,"146,580",174810,732899,5,212
2020-05,R160,"233,642",263297,5841059,25,1662
2020-05,R179,"196,274",150045,1570191,8,318
2020-05,R46,"75,890",60166,2656157,35,750
2020-05,R62,"136,174",207900,1225562,9,315
2020-05,R62A,"120,402",115405,2648846,22,824
2020-05,R68,"110,636",76267,1991456,18,425
2020-05,R68A,"57,823",82553,520403,9,200
2020-05,R188-NEW,N/A,412009,280056,0,126
2020-05,R42,0,24121,0,0,37
2020-05,R32,0,28599,0,0,24
2020-04,R188-CONVERSION,0,260292,575840,0,380
2020-04,R143,"446,762",172658,446762,1,212
2020-04,ADIVISION,"290,795",173761,7269884,25,2894
2020-04,BDIVISION,"137,001",112195,10001104,73,3779
2020-04,FLEET,"176,235",131763,17270988,98,6710
2020-04,R142,"410,046",237375,2870323,7,1030
2020-04,R142A,"111,967",123016,671801,6,220
2020-04,R160,"294,000",264046,4703993,16,1662
2020-04,R179,"165,414",149675,827072,5,308
2020-04,R46,"60,676",59141,2245009,37,750
2020-04,R62,"268,037",225018,804110,3,315
2020-04,R62A,"237,317",114473,2135852,9,823
2020-04,R68,"127,627",74277,1531525,12,425
2020-04,R68A,"123,372",87354,246743,2,200
2020-04,R188-NEW,N/A,370648,211958,0,126
2020-04,R42,0,26424,0,0,37
2020-04,R32,0,28847,0,0,222
2020-03,ADIVISION,"215,475",172032,11204691,52,2895
2020-03,BDIVISION,"107,559",111923,15488516,144,3769
2020-03,FLEET,"136,190",131153,26693207,196,6701
2020-03,R142,"335,746",236177,4028954,12,1030
2020-03,R142A,"137,070",122039,959493,7,220
2020-03,R143,"252,918",156424,758754,3,212
2020-03,R160,"201,434",261487,7453048,37,1662
2020-03,R179,"104,981",150012,1364749,13,298
2020-03,R188-CONVERSION,"410,353",260356,1231058,3,380
2020-03,R188-NEW,"142,624",363886,427871,3,126
2020-03,R32,"47,970",29599,143910,3,222
2020-03,R46,"55,058",59762,3248427,59,750
2020-03,R62,"290,826",216877,1163305,4,315
2020-03,R62A,"141,417",113126,3394010,24,824
2020-03,R68,"82,843",73998,1988234,24,425
2020-03,R68A,"106,279",88604,531394,5,200
2020-03,R42,0,28733,0,0,37
2020-02,ADIVISION,"175,393",172536,11575934,66,2895
2020-02,BDIVISION,"117,506",111649,15980782,136,3819
2020-02,FLEET,"136,419",131090,27556716,202,6714
2020-02,R142,"190,673",233143,4385483,23,1030
2020-02,R142A,"125,683",124424,879781,7,220
2020-02,R143,"152,319",149991,761593,5,212
2020-02,R160,"264,629",267651,7938864,30,1662
2020-02,R179,"124,996",156284,1374960,11,298
2020-02,R188-CONVERSION,"256,915",258218,1284576,5,380
2020-02,R188-NEW,"454,312",451033,454312,1,126
2020-02,R32,"46,743",30322,373941,8,222
2020-02,R46,"49,115",61018,2897777,59,750
2020-02,R62,"317,923",213691,1271690,4,315
2020-02,R62A,"126,927",113921,3300092,26,824
2020-02,R68,"103,032",69576,2060634,20,425
2020-02,R68A,"191,004",86745,573013,3,200
2020-02,R42,0,27444,0,0,50
2020-01,R142A,"501,809",129431,1003617,2,220
2020-01,ADIVISION,"183,682",172746,12674025,69,2895
2020-01,BDIVISION,"113,802",111125,17525559,154,3799
2020-01,FLEET,"135,424",130741,30199584,223,6694
2020-01,R142,"237,292",230676,4745830,20,1030
2020-01,R160,"235,495",265578,8948823,38,1662
2020-01,R179,"108,560",157828,651357,6,278
2020-01,R188-CONVERSION,"157,168",249117,1414514,9,380
2020-01,R188-NEW,"162,261",415541,486782,3,126
2020-01,R32,"28,576",30332,714405,25,222
2020-01,R46,"70,923",63476,3404318,48,750
2020-01,R62,"196,041",216005,1372285,7,315
2020-01,R62A,"130,393",114976,3650997,28,824
2020-01,R68,"104,241",66808,2189063,21,425
2020-01,R68A,"60,816",86841,668981,11,200
2020-01,R143,"449,528",135569,899055,2,212
2020-01,R42,"16,519",29015,49557,3,50
2019-12,R142A,"491,983",124767,983965,2,220
2019-12,R188-NEW,"231,900",480717,463800,2,126
2019-12,ADIVISION,"171,326",168311,12506777,73,2895
2019-12,BDIVISION,"116,938",109074,17306896,148,3780
2019-12,FLEET,"134,903",128000,29813673,221,6675
2019-12,R142,"191,146",212186,4778648,25,1030
2019-12,R143,"132,668",128395,796007,6,212
2019-12,R160,"220,550",267679,8822004,40,1662
2019-12,R179,"181,366",162771,1269560,7,259
2019-12,R188-CONVERSION,"232,534",261839,1395203,6,380
2019-12,R32,"29,706",29930,564423,19,222
2019-12,R46,"68,188",62014,3068446,45,750
2019-12,R62,"314,970",215194,1259880,4,315
2019-12,R62A,"106,626",114129,3625281,34,824
2019-12,R68,"87,856",63774,2108544,24,425
2019-12,R68A,"110,525",86243,663148,6,200
2019-12,R42,"14,764",33146,14764,1,50
2019-11,ADIVISION,"161,824",165298,12136772,75,2895
2019-11,BDIVISION,"106,378",108250,16488522,155,3779
2019-11,FLEET,"124,458",126641,28625294,230,6674
2019-11,R142,"206,714",206692,4547701,22,1030
2019-11,R142A,"88,107",111437,969177,11,220
2019-11,R143,"145,914",117268,729571,5,212
2019-11,R160,"212,832",266061,8513262,40,1662
2019-11,R179,"276,997",167489,1107986,4,258
2019-11,R188-CONVERSION,"173,681",261464,1389451,8,380
2019-11,R188-NEW,"151,982",524280,455946,3,126
2019-11,R32,"49,319",30010,542513,11,222
2019-11,R46,"62,074",62741,2979573,48,750
2019-11,R62,"172,698",213271,1208888,7,315
2019-11,R62A,"148,567",114927,3565609,24,824
2019-11,R68,"55,526",63289,1998932,36,425
2019-11,R68A,"65,203",84769,586830,9,200
2019-11,R42,"14,928",29775,29855,2,50
2019-10,R188-NEW,"533,622",722294,533622,1,126
2019-10,ADIVISION,"157,375",163858,13062137,83,2895
2019-10,BDIVISION,"112,474",107511,17770866,158,3761
2019-10,FLEET,"127,938",125681,30833003,241,6656
2019-10,R142,"203,630",204974,4887119,24,1030
2019-10,R142A,"120,544",109014,1084895,9,220
2019-10,R143,"273,664",111515,820993,3,212
2019-10,R160,"245,727",265512,9337636,38,1662
2019-10,R179,"101,374",156109,1115109,11,238
2019-10,R188-CONVERSION,"350,786",272167,1403144,4,380
2019-10,R32,"37,005",29836,518070,14,222
2019-10,R46,"73,126",62774,3144428,43,752
2019-10,R62,"193,653",238016,1355570,7,315
2019-10,R62A,"99,942",110307,3797787,38,824
2019-10,R68,"54,154",63694,2112021,39,425
2019-10,R68A,"77,847",85868,700620,9,200
2019-10,R42,"21,989",31307,21989,1,50
2019-09,R188-NEW,N/A,634133,529930,0,126
2019-09,ADIVISION,"124,995",165125,12124489,97,2895
2019-09,BDIVISION,"116,329",106923,16867672,145,3751
2019-09,FLEET,"119,802",125505,28992161,242,6646
2019-09,R142,"168,913",206305,4391741,26,1030
2019-09,R142A,"83,079",111560,996943,12,220
2019-09,R143,"231,793",100564,695379,3,212
2019-09,R160,"470,612",265145,8941633,19,1662
2019-09,R179,"170,112",171034,1020669,6,228
2019-09,R188-CONVERSION,"469,577",260593,1408731,3,380
2019-09,R32,"24,536",30090,515246,21,222
2019-09,R46,"55,164",61387,3034027,55,752
2019-09,R62,"211,973",250063,1271835,6,315
2019-09,R62A,"70,506",111374,3525308,50,824
2019-09,R68,"65,447",66482,2028868,31,425
2019-09,R68A,"68,326",86548,614937,9,200
2019-09,R42,"16,913",31187,16913,1,50
2019-08,R188-CONVERSION,"736,965",232277,1473929,2,380
2019-08,R188-NEW,N/A,623426,504534,0,126
2019-08,ADIVISION,"163,899",165845,12456305,76,2895
2019-08,BDIVISION,"103,922",106769,17874637,172,3741
2019-08,FLEET,"122,302",125571,30330942,248,6636
2019-08,R142,"236,903",208222,4738059,20,1030
2019-08,R142A,"105,841",108804,1058407,10,220
2019-08,R143,"157,219",100599,786093,5,212
2019-08,R160,"315,372",255523,9461147,30,1662
2019-08,R179,"152,068",144206,1064476,7,218
2019-08,R32,"14,203",30789,553915,39,222
2019-08,R46,"59,301",62348,3142946,53,752
2019-08,R62,"114,871",248698,1033842,9,315
2019-08,R62A,"104,215",115342,3647533,35,824
2019-08,R68,"67,287",67818,2153196,32,425
2019-08,R68A,"115,466",93180,692796,6,200
2019-08,R42,0,29640,20068,0,50
2019-07,R188-NEW,N/A,557255,509282,0,126
2019-07,ADIVISION,"161,540",164165,12438595,77,2895
2019-07,BDIVISION,"106,225",106148,17633373,166,3731
2019-07,FLEET,"123,753",124714,30071968,243,6626
2019-07,R142,"209,102",203816,4600252,22,1030
2019-07,R142A,"200,896",102700,1004480,5,220
2019-07,R143,"106,061",99103,742429,7,212
2019-07,R160,"244,819",252564,9303134,38,1662
2019-07,R179,"149,322",130004,895933,6,208
2019-07,R188-CONVERSION,"144,896",221237,1448957,10,380
2019-07,R32,"20,902",33987,564352,27,222
2019-07,R46,"61,844",61512,3277712,53,752
2019-07,R62,"208,662",270489,1251970,6,315
2019-07,R62A,"106,578",116312,3623653,34,824
2019-07,R68,"75,305",67056,2183853,29,425
2019-07,R68A,"105,845",90811,635067,6,200
2019-07,R42,0,27530,30893,0,50
2019-06,R188-NEW,N/A,500286,498021,0,126
2019-06,ADIVISION,"212,699",161985,12123824,57,2895
2019-06,BDIVISION,"108,878",105963,16876132,155,3717
2019-06,FLEET,"136,792",124078,28999956,212,6612
2019-06,R142,"453,958",201866,4539583,10,1030
2019-06,R142A,"71,852",97282,1005921,14,220
2019-06,R143,"124,300",96107,745800,6,212
2019-06,R160,"406,591",247473,8944995,22,1662
2019-06,R179,"263,961",115633,791882,3,194
2019-06,R188-CONVERSION,"346,238",233134,1384952,4,380
2019-06,R32,"50,549",36325,657132,13,222
2019-06,R46,"46,382",61822,3061218,66,752
2019-06,R62,"333,509",273632,1334035,4,315
2019-06,R62A,"134,452",114749,3361312,25,824
2019-06,R68,"60,559",67129,2059013,34,425
2019-06,R68A,"58,304",91485,583042,10,200
2019-06,R42,"33,050",28212,33050,1,50
2019-05,R179,"319,952",107262,639904,2,178
2019-05,R188-NEW,"241,831",452133,483661,2,126
2019-05,ADIVISION,"184,440",155251,12910814,70,2895
2019-05,BDIVISION,"114,608",106766,17649584,154,3701
2019-05,FLEET,"136,430",122990,30560398,224,6596
2019-05,R142,"349,690",190465,4895666,14,1030
2019-05,R142A,"106,801",97577,1068006,10,220
2019-05,R143,"132,632",97611,795791,6,212
2019-05,R160,"251,399",241423,9553174,38,1662
2019-05,R188-CONVERSION,"209,634",232418,1467441,7,380
2019-05,R32,"31,465",35957,534897,17,222
2019-05,R46,"58,616",63169,3341086,57,752
2019-05,R62,"324,683",275585,1298733,4,315
2019-05,R62A,"108,744",108674,3697306,34,824
2019-05,R68,"74,913",70154,2097574,28,425
2019-05,R68A,"111,072",99088,666433,6,200
2019-05,R42,0,26082,20725,0,50
2019-04,R188-NEW,"474,421",537014,474421,1,126
2019-04,ADIVISION,"196,263",150767,12560822,64,2895
2019-04,BDIVISION,"121,650",106830,16909355,139,3675
2019-04,FLEET,"145,173",121821,29470177,203,6570
2019-04,R142,"295,402",178955,4726439,16,1030
2019-04,R142A,"106,721",95185,1067212,10,220
2019-04,R143,"94,885",97775,853961,9,212
2019-04,R160,"248,133",241636,8684644,35,1662
2019-04,R179,"184,792",97263,554377,3,152
2019-04,R188-CONVERSION,"453,609",224226,1360828,3,380
2019-04,R32,"39,477",36222,592158,15,222
2019-04,R46,"68,009",64764,3468462,51,752
2019-04,R62,"169,916",269132,1359326,8,315
2019-04,R62A,"137,408",107804,3572596,26,824
2019-04,R68,"101,564",71035,2031274,20,425
2019-04,R68A,"117,283",93072,703695,6,200
2019-04,R42,0,24907,20784,0,50
2019-03,R188-NEW,N/A,586702,469119,0,126
2019-03,ADIVISION,"218,499",148757,12672914,58,2895
2019-03,BDIVISION,"104,917",106942,16996596,162,3659
2019-03,FLEET,"134,861",121305,29669510,220,6554
2019-03,R142,"262,094",173003,4717694,18,1030
2019-03,R142A,"178,522",97670,1071133,6,220
2019-03,R143,"137,123",96309,822738,6,212
2019-03,R160,"269,057",237565,8878870,33,1662
2019-03,R179,"113,423",90429,453693,4,136
2019-03,R188-CONVERSION,"338,113",207656,1352453,4,380
2019-03,R32,"46,182",36259,600363,13,222
2019-03,R46,"69,987",66834,3499356,50,752
2019-03,R62,"227,953",296979,1367720,6,315
2019-03,R62A,"153,950",106389,3694795,24,824
2019-03,R68,"44,552",70819,2093955,47,425
2019-03,R68A,"78,972",93379,631777,8,200
2019-03,R42,"15,844",24268,15844,1,50
2019-02,ADIVISION,"178,324",144779,11412748,64,2895
2019-02,BDIVISION,"110,426",108680,15459585,140,3651
2019-02,FLEET,"131,727",121401,26872333,204,6546
2019-02,R142,"170,194",170537,4254854,25,1030
2019-02,R142A,"245,541",89975,982165,4,220
2019-02,R143,"60,586",91530,666450,11,212
2019-02,R160,"240,293",238277,8169970,34,1662
2019-02,R179,"94,552",87692,378207,4,128
2019-02,R188-CONVERSION,"170,174",204094,1191220,7,380
2019-02,R32,"37,749",35322,679489,18,222
2019-02,R46,"81,335",67982,3172071,39,752
2019-02,R62,"407,423",317299,1222269,3,315
2019-02,R62A,"145,817",103733,3353782,23,824
2019-02,R68,"57,942",77549,1796209,31,425
2019-02,R68A,"193,828",99876,581483,3,200
2019-02,R188-NEW,"204,230",473600,408459,2,126
2019-02,R42,0,26653,15706,0,50
2019-01,R188-NEW,"437,813",523646,437813,1,126
2019-01,ADIVISION,"137,897",142229,12548644,91,2895
2019-01,BDIVISION,"93,047",109406,17771972,191,3635
2019-01,FLEET,"107,520",121131,30320616,282,6530
2019-01,R142,"115,298",168179,4727208,41,1030
2019-01,R142A,"176,598",86517,1059585,6,220
2019-01,R143,"149,436",97588,1046049,7,212
2019-01,R160,"257,332",241832,9263967,36,1662
2019-01,R188-CONVERSION,"243,915",211750,1219575,5,380
2019-01,R32,"25,833",35218,800833,31,222
2019-01,R46,"54,686",67847,3445199,63,752
2019-01,R62,"187,816",312577,1314710,7,315
2019-01,R62A,"118,430",101021,3789753,32,824
2019-01,R68,"56,434",79811,2144473,38,425
2019-01,R68A,"58,504",92678,702046,12,200
2019-01,R179,"155,841",86594,311682,2,112
2019-01,R42,"28,862",27413,57723,2,50
2018-12,R188-NEW,"462,276",583931,462276,1,126
2018-12,ADIVISION,"140,565",140673,12650819,90,2895
2018-12,BDIVISION,"106,566",110043,16943926,159,3619
2018-12,FLEET,"118,854",121115,29594745,249,6514
2018-12,R142,"149,394",175880,4780596,32,1030
2018-12,R142A,"71,540",75880,1001560,14,220
2018-12,R143,"68,533",97152,1027992,15,212
2018-12,R160,"207,197",242265,8702259,42,1662
2018-12,R188-CONVERSION,"228,594",198413,1371564,6,380
2018-12,R32,"30,635",34890,643343,21,222
2018-12,R46,"78,613",68714,3458983,44,752
2018-12,R62,"267,320",355086,1336600,5,315
2018-12,R62A,"115,569",99358,3698223,32,824
2018-12,R68,"78,724",81675,2046823,26,425
2018-12,R68A,"87,894",99255,615258,7,200
2018-12,R179,0,80573,375520,0,96
2018-12,R42,"18,437",25400,73748,4,50
2018-11,R62,0,343344,1324419,0,315
2018-11,R188-NEW,N/A,588336,467214,0,126
2018-11,ADIVISION,"146,366",140742,12148341,83,2895
2018-11,BDIVISION,"98,288",110209,16807275,171,3619
2018-11,FLEET,"113,998",121248,28955616,254,6514
2018-11,R142,"187,233",179845,4493603,24,1030
2018-11,R142A,"73,375",74730,1027249,14,220
2018-11,R143,"83,739",99559,921132,11,212
2018-11,R160,"210,050",248656,8822101,42,1662
2018-11,R179,"120,038",64246,360115,3,96
2018-11,R188-CONVERSION,"249,442",182861,1247211,5,380
2018-11,R32,"39,995",36146,679914,17,222
2018-11,R46,"62,523",66791,3313698,53,752
2018-11,R62A,"89,716",100139,3588646,40,824
2018-11,R68,"59,699",80764,2029772,34,425
2018-11,R68A,"75,124",103476,600995,8,200
2018-11,R42,"26,516",26292,79548,3,50
2018-10,R188-NEW,"231,235",528903,462470,2,126
2018-10,ADIVISION,"172,014",139875,12729053,74,2895
2018-10,BDIVISION,"105,443",112163,17608998,167,3619
2018-10,FLEET,"125,884",122320,30338051,241,6514
2018-10,R142,"219,845",178536,4836585,22,1030
2018-10,R142A,"185,777",72208,928885,5,220
2018-10,R143,"65,543",102927,852060,13,212
2018-10,R160,"242,394",253749,9453385,39,1662
2018-10,R188-CONVERSION,"204,987",175779,1229922,6,380
2018-10,R32,"38,931",33552,700751,18,222
2018-10,R46,"55,507",68147,3441441,62,752
2018-10,R62,"347,107",310839,1388429,4,315
2018-10,R62A,"110,936",102278,3882774,35,824
2018-10,R68,"93,927",85875,2066387,22,425
2018-10,R68A,"84,400",106853,675202,8,200
2018-10,R179,"168,482",55877,336964,2,96
2018-10,R42,"27,603",28931,82808,3,50
2018-09,R68A,"276,466",113201,552932,2,200
2018-09,R188-NEW,N/A,585858,433564,0,126
2018-09,ADIVISION,"129,435",138840,11778595,91,2895
2018-09,BDIVISION,"114,496",112331,16143873,141,3619
2018-09,FLEET,"120,355",122090,27922468,232,6514
2018-09,R142,"186,295",180620,4284775,23,1030
2018-09,R142A,"68,013",68404,1020200,15,220
2018-09,R143,"157,318",106832,1101228,7,212
2018-09,R160,"260,393",249625,8592955,33,1662
2018-09,R179,"22,788",43365,182304,8,96
2018-09,R188-CONVERSION,"127,908",171072,1279079,10,380
2018-09,R32,"33,076",32293,628451,19,222
2018-09,R46,"67,146",69602,3155876,47,752
2018-09,R62,"197,873",288774,1187239,6,315
2018-09,R62A,"96,588",102900,3573748,37,824
2018-09,R68,"87,976",86669,1847500,21,425
2018-09,R42,"20,657",28151,82627,4,50
2018-08,R188-NEW,"466,245",585862,466245,1,126
2018-08,ADIVISION,"146,439",139647,12593764,86,2895
2018-08,BDIVISION,"97,317",112317,17322473,178,3603
2018-08,FLEET,"113,319",122334,29916237,264,6498
2018-08,R142,"183,226",180568,4580657,25,1030
2018-08,R142A,"63,977",68299,1087605,17,220
2018-08,R143,"112,746",103421,1127456,10,212
2018-08,R160,"271,254",249073,9222634,34,1662
2018-08,R179,"35,914",59827,179572,5,80
2018-08,R188-CONVERSION,"275,177",175331,1375887,5,380
2018-08,R32,"35,262",31181,599459,17,222
2018-08,R46,"51,657",70496,3409390,66,752
2018-08,R62,"260,588",271912,1302940,5,315
2018-08,R62A,"114,557",104233,3780380,33,824
2018-08,R68,"59,164",87883,2011583,34,425
2018-08,R68A,"85,021",107792,680169,8,200
2018-08,R42,"23,053",30879,92210,4,50
2018-07,R188-NEW,"439,884",437413,439884,1,126
2018-07,ADIVISION,"139,440",133549,12410186,89,2895
2018-07,BDIVISION,"104,037",113070,16853930,162,3603
2018-07,FLEET,"116,590",120817,29264116,251,6498
2018-07,R142,"187,016",172150,4675391,25,1030
2018-07,R142A,"86,270",64663,1035243,12,220
2018-07,R143,"77,979",101291,1091700,14,212
2018-07,R160,"197,042",244999,8866898,45,1662
2018-07,R179,"35,345",83740,176724,5,80
2018-07,R188-CONVERSION,"228,832",169290,1372992,6,380
2018-07,R32,"44,926",31355,584039,13,222
2018-07,R46,"65,801",71514,3355851,51,752
2018-07,R62,"232,119",257187,1160595,5,315
2018-07,R62A,"93,153",100447,3726115,40,824
2018-07,R68,"76,895",91984,2076155,27,425
2018-07,R68A,"120,052",100795,600260,5,200
2018-07,R42,"51,152",33248,102303,2,50
2018-06,R188-NEW,"420,469",404037,420469,1,126
2018-06,ADIVISION,"125,344",129646,12158357,97,2895
2018-06,BDIVISION,"120,207",113780,16708772,139,3587
2018-06,FLEET,"122,318",119908,28867129,236,6482
2018-06,R142,"171,934",162672,4642208,27,1030
2018-06,R142A,"74,533",63685,1043462,14,220
2018-06,R143,"139,247",101224,1113976,8,212
2018-06,R160,"273,113",248776,8739600,32,1662
2018-06,R188-CONVERSION,"334,069",163229,1336277,4,380
2018-06,R32,"42,946",31114,687133,16,222
2018-06,R46,"58,997",71357,3303857,56,752
2018-06,R62,"389,918",222168,1169753,3,315
2018-06,R62A,"73,879",100475,3546192,48,824
2018-06,R68,"112,860",95438,2031477,18,425
2018-06,R68A,"154,891",97096,619563,4,200
2018-06,R179,0,0,126888,0,64
2018-06,R42,"17,256",34217,86278,5,50
2018-05,R188-NEW,N/A,441333,428210,0,126
2018-05,ADIVISION,"130,620",129600,12539472,96,2895
2018-05,BDIVISION,"115,682",113875,17236678,149,3571
2018-05,FLEET,"121,535",119949,29776150,245,6466
2018-05,R142,"149,541",161074,4934868,33,1030
2018-05,R142A,"80,747",62622,1049705,13,220
2018-05,R143,"120,604",97235,1206040,10,212
2018-05,R160,"254,925",246897,8922370,35,1662
2018-05,R188-CONVERSION,"150,979",164116,1358813,9,380
2018-05,R32,"35,082",31560,736730,21,222
2018-05,R46,"80,306",72700,3453138,43,752
2018-05,R62,"241,301",199957,1206503,5,315
2018-05,R62A,"98,926",102773,3561351,36,824
2018-05,R68,"89,009",95531,2047218,23,425
2018-05,R68A,"60,774",94980,668512,11,200
2018-05,R42,"22,877",35216,137262,6,50
2018-05,R179,0,0,65408,0,48
2018-04,R62,"582,377",201314,1164753,2,315
2018-04,R188-NEW,N/A,443745,384591,0,126
2018-04,ADIVISION,"163,339",131117,11923716,73,2895
2018-04,BDIVISION,"123,420",114423,16908563,137,3563
2018-04,FLEET,"137,297",120835,28832279,210,6458
2018-04,R142,"177,132",163159,4605440,26,1030
2018-04,R142A,"166,602",62756,999614,6,220
2018-04,R143,"82,726",93418,1158164,14,212
2018-04,R160,"204,515",252038,8794138,43,1662
2018-04,R188-CONVERSION,"154,897",172912,1239174,8,380
2018-04,R32,"39,383",31503,708888,18,222
2018-04,R46,"110,508",71787,3425759,31,752
2018-04,R62A,"113,876",103086,3530150,31,824
2018-04,R68,"96,601",98704,2028619,21,425
2018-04,R68A,"127,104",101231,635519,5,200
2018-04,R42,"24,076",36727,120380,5,50
2018-04,R179,0,0,37096,0,40
2018-03,R62,"567,432",201380,1134864,2,315
2018-03,R188-NEW,"199,201",411665,398402,2,126
2018-03,ADIVISION,"148,758",129908,12346936,83,2895
2018-03,BDIVISION,"128,574",114327,17357454,135,3555
2018-03,FLEET,"136,259",120347,29704390,218,6450
2018-03,R142,"207,777",163186,4778878,23,1030
2018-03,R142A,"62,579",59170,1001266,16,220
2018-03,R143,"72,199",95365,1227383,17,212
2018-03,R160,"279,980",252639,8959362,32,1662
2018-03,R188-CONVERSION,"257,886",165100,1289430,5,380
2018-03,R32,"32,543",32383,781025,24,222
2018-03,R46,"87,849",70538,3513951,40,752
2018-03,R62A,"106,975",103858,3744110,35,824
2018-03,R68,"121,706",99325,2069010,17,425
2018-03,R68A,"219,534",95994,658602,3,200
2018-03,R42,"67,769",38065,135537,2,50
2018-03,R179,0,0,12584,0,32
2018-02,R188-NEW,"435,321",488654,435321,1,126
2018-02,ADIVISION,"138,591",127884,10810083,78,2895
2018-02,BDIVISION,"121,299",114346,15283628,126,3547
2018-02,FLEET,"127,910",119622,26093711,204,6442
2018-02,R142,"143,413",162916,4158982,29,1030
2018-02,R142A,"107,245",58927,857960,8,220
2018-02,R143,"157,998",96623,1105989,7,212
2018-02,R160,"300,952",248310,7824757,26,1662
2018-02,R188-CONVERSION,"284,457",158277,1137829,4,380
2018-02,R32,"36,340",32750,690451,19,222
2018-02,R46,"78,996",71398,3159827,40,752
2018-02,R62,"333,441",193784,1000323,3,315
2018-02,R62A,"97,566",100573,3219664,33,824
2018-02,R68,"81,080",98682,1783767,22,425
2018-02,R68A,"65,612",94046,590512,9,200
2018-02,R42,"42,775",35467,128325,3,50
2018-02,R179,0,0,0,0,24
2018-01,R62,"1,182,127",195437,1182127,1,315
2018-01,R188-NEW,N/A,486053,456729,0,126
2018-01,ADIVISION,"122,105",126733,12210459,100,2895
2018-01,BDIVISION,"98,111",114774,16973139,173,3539
2018-01,FLEET,"106,900",119469,29183598,273,6434
2018-01,R142,"178,086",166269,4630227,26,1030
2018-01,R142A,"39,015",55571,936350,24,220
2018-01,R143,"131,373",93179,1182353,9,212
2018-01,R160,"264,451",247157,8726895,33,1662
2018-01,R188-CONVERSION,"123,803",154591,1238030,10,380
2018-01,R32,"22,971",33108,689124,30,222
2018-01,R46,"62,273",71633,3549553,57,752
2018-01,R62A,"96,589",98796,3766985,39,824
2018-01,R68,"68,525",100291,2055741,30,425
2018-01,R68A,"107,647",95307,645882,6,200
2018-01,R42,"15,449",36635,123591,8,50
2018-01,R179,0,0,0,0,16
2017-12,R188-NEW,"501,922",444913,501922,1,126
2017-12,ADIVISION,"141,380",128207,12441455,88,2895
2017-12,BDIVISION,"108,441",116684,16808426,155,3539
2017-12,FLEET,"120,370",121220,29249881,243,6434
2017-12,R142,"190,399",163012,4950366,26,1030
2017-12,R142A,"59,633",55988,894495,15,220
2017-12,R143,"88,758",90858,1153851,13,212
2017-12,R160,"282,382",241866,8753842,31,1662
2017-12,R188-CONVERSION,"104,640",165167,1255683,12,380
2017-12,R32,"50,895",34391,610743,12,222
2017-12,R46,"56,879",73212,3526520,62,752
2017-12,R62,"199,748",189218,1198489,6,315
2017-12,R62A,"130,017",101963,3640480,28,824
2017-12,R68,"69,670",106133,2020416,29,425
2017-12,R68A,"156,408",96584,625631,4,200
2017-12,R42,"29,356",41192,117423,4,50
2017-12,R179,0,0,0,0,16
2017-11,R188-NEW,"461,220",445561,461220,1,126
2017-11,ADIVISION,"135,718",126719,11807504,87,2895
2017-11,BDIVISION,"120,857",115216,16799192,139,3523
2017-11,FLEET,"126,578",119741,28606696,226,6418
2017-11,R142,"171,290",161938,4624836,27,1030
2017-11,R142A,"49,586",53606,842955,17,220
2017-11,R143,"132,543",89418,1060340,8,212
2017-11,R160,"263,429",234090,8956588,34,1662
2017-11,R188-CONVERSION,"147,461",175306,1179690,8,380
2017-11,R32,"18,814",32724,602035,32,222
2017-11,R46,"80,676",74145,3388378,42,752
2017-11,R62,"300,650",201495,1202600,4,315
2017-11,R62A,"116,542",98769,3496261,30,824
2017-11,R68,"125,444",111082,2007108,16,425
2017-11,R68A,"105,625",91229,633749,6,200
2017-11,R42,"150,994",40466,150994,1,50
2017-10,R188-NEW,"446,165",443593,446165,1,126
2017-10,ADIVISION,"156,261",124832,12344594,79,2893
2017-10,BDIVISION,"107,130",115687,17462126,163,3525
2017-10,FLEET,"123,168",119332,29806720,242,6418
2017-10,R142,"264,690",154801,4764425,18,1030
2017-10,R142A,"66,306",53863,928280,14,220
2017-10,R143,"104,182",80016,1145999,11,212
2017-10,R160,"205,145",232513,9231534,45,1662
2017-10,R188-CONVERSION,"148,174",182531,1333565,9,380
2017-10,R32,"25,581",36013,690679,27,222
2017-10,R46,"69,499",73553,3474934,50,752
2017-10,R62,"177,106",203473,1239740,7,315
2017-10,R62A,"121,080",97382,3632391,30,824
2017-10,R68,"105,763",114513,2115261,20,425
2017-10,R68A,"168,277",97128,673108,4,200
2017-10,R42,"21,769",39101,130611,6,50
2017-09,R188-NEW,N/A,443704,433603,0,126
2017-09,ADIVISION,"138,672",121460,11925797,86,2893
2017-09,BDIVISION,"114,261",116796,16567899,145,3525
2017-09,FLEET,"123,349",118699,28493696,231,6418
2017-09,R142,"185,190",151053,4629745,25,1030
2017-09,R142A,"66,588",52083,865649,13,220
2017-09,R143,"98,030",77921,1078333,11,212
2017-09,R160,"253,189",233807,8608439,34,1662
2017-09,R188-CONVERSION,"163,966",184097,1311730,8,380
2017-09,R32,"23,441",36193,726669,31,222
2017-09,R46,"79,000",75644,3396995,43,752
2017-09,R62,"130,751",207805,1176758,9,315
2017-09,R62A,"113,171",93226,3508287,31,824
2017-09,R68,"105,754",115519,2009319,19,425
2017-09,R68A,"103,626",94297,621757,6,200
2017-09,R42,"126,387",42729,126387,1,50
2017-08,ADIVISION,"94,689",118814,12782958,135,2893
2017-08,BDIVISION,"104,552",116429,17773818,170,3525
2017-08,FLEET,"100,186",117414,30556776,305,6418
2017-08,R142,"117,906",148092,5069966,43,1030
2017-08,R142A,"39,615",50716,990376,25,220
2017-08,R143,"88,469",68193,1150095,13,212
2017-08,R160,"225,121",237579,9455088,42,1662
2017-08,R188-CONVERSION,"169,026",184225,1352206,8,380
2017-08,R188-NEW,"110,611",445786,442442,4,126
2017-08,R32,"37,235",38186,707466,19,222
2017-08,R46,"59,528",75616,3571681,60,752
2017-08,R62,"163,595",219310,1308763,8,315
2017-08,R62A,"77,005",89598,3619223,47,824
2017-08,R68,"92,677",116593,2131582,23,425
2017-08,R68A,"52,871",86767,687327,13,200
2017-08,R42,0,42754,70579,0,50
2017-07,R188-NEW,"221,705",597590,443410,2,126
2017-07,ADIVISION,"101,426",115524,12171156,120,2893
2017-07,BDIVISION,"111,774",116073,16989572,152,3525
2017-07,FLEET,"107,209",115843,29160728,272,6418
2017-07,R142,"107,109",144345,4819891,45,1030
2017-07,R142A,"71,211",50766,925740,13,220
2017-07,R143,"77,337",62493,1082724,14,212
2017-07,R160,"230,921",232102,9005904,39,1662
2017-07,R188-CONVERSION,"145,682",177913,1311139,9,380
2017-07,R32,"36,656",37601,769782,21,222
2017-07,R46,"64,304",76852,3408114,53,752
2017-07,R62,"88,147",211520,1234052,14,315
2017-07,R62A,"92,890",85425,3436938,37,824
2017-07,R68,"119,827",121774,2037061,17,425
2017-07,R68A,"76,305",93080,610442,8,200
2017-07,R42,0,44306,75545,0,50
2017-06,R188-NEW,N/A,771153,463983,0,126
2017-06,ADIVISION,"124,811",116653,12106715,97,2895
2017-06,BDIVISION,"121,434",115122,16879361,139,3523
2017-06,FLEET,"122,822",115760,28986076,236,6418
2017-06,R142,"152,591",146430,4730333,31,1030
2017-06,R142A,"61,129",50566,916930,15,220
2017-06,R143,"80,364",61608,964372,12,212
2017-06,R160,"247,969",232733,8926885,36,1662
2017-06,R188-CONVERSION,"418,508",184085,1255525,3,380
2017-06,R32,"51,733",35918,775996,15,222
2017-06,R46,"72,868",77127,3351941,46,752
2017-06,R62,"122,538",235188,1347920,11,315
2017-06,R62A,"91,676",84528,3392009,37,824
2017-06,R68,"114,188",120521,2055382,18,425
2017-06,R68A,"107,057",96030,642343,6,200
2017-06,R42,"27,074",39473,162442,6,50
2017-05,R188-NEW,N/A,770462,457155,0,126
2017-05,ADIVISION,"151,544",115968,12275092,81,2895
2017-05,BDIVISION,"122,676",114556,17297333,141,3523
2017-05,FLEET,"133,209",115145,29572425,222,6418
2017-05,R142,"174,108",146333,4526800,26,1030
2017-05,R142A,"88,549",49669,885490,10,220
2017-05,R143,"73,518",60234,955738,13,212
2017-05,R160,"337,658",237584,9116767,27,1662
2017-05,R188-CONVERSION,"328,073",171771,1312293,4,380
2017-05,R32,"33,995",34371,815878,24,222
2017-05,R46,"68,818",76281,3509729,51,752
2017-05,R62,"250,921",250631,1505525,6,315
2017-05,R62A,"102,509",84207,3587814,35,824
2017-05,R68,"137,769",121448,2066537,15,425
2017-05,R68A,"111,447",97086,668681,6,200
2017-05,R42,"32,801",40698,164003,5,50
2017-04,R188-NEW,"411,294",669480,411294,1,126
2017-04,ADIVISION,"143,190",116646,11884750,83,2895
2017-04,BDIVISION,"122,234",114726,16623780,136,3523
2017-04,FLEET,"130,176",115527,28508530,219,6418
2017-04,R142,"177,493",145836,4614813,26,1030
2017-04,R142A,"60,131",49867,841840,14,220
2017-04,R143,"106,426",58761,957831,9,212
2017-04,R160,"209,405",235168,8794991,42,1662
2017-04,R188-CONVERSION,"101,006",173747,1212077,12,380
2017-04,R32,"60,486",34377,786312,13,222
2017-04,R46,"83,566",78922,3342638,40,752
2017-04,R62,"456,979",258252,1370938,3,315
2017-04,R62A,"127,177",85378,3433791,27,824
2017-04,R68,"104,387",119323,1983355,19,425
2017-04,R68A,"69,057",96464,621510,9,200
2017-04,R42,"34,286",39307,137143,4,50
2017-03,R188-NEW,N/A,760984,421953,0,126
2017-03,ADIVISION,"122,598",116129,12259765,100,2895
2017-03,BDIVISION,"128,614",114455,17620139,137,3523
2017-03,FLEET,"126,076",115154,29879904,237,6418
2017-03,R142,"202,016",148906,4848387,24,1030
2017-03,R142A,"59,834",47709,897515,15,220
2017-03,R143,"77,942",58348,1013252,13,212
2017-03,R160,"228,578",236287,9371697,41,1662
2017-03,R188-CONVERSION,"142,072",192843,1136577,8,380
2017-03,R32,"37,188",33527,780952,21,222
2017-03,R46,"106,563",77311,3516563,33,752
2017-03,R62,"224,657",239386,1347940,6,315
2017-03,R62A,"76,754",84276,3607420,47,824
2017-03,R68,"110,992",121473,2108847,19,425
2017-03,R68A,"138,161",102830,690806,5,200
2017-03,R42,"27,604",41683,138022,5,50
2017-02,R188-NEW,"406,702",591207,406702,1,126
2017-02,ADIVISION,"122,509",115923,11025835,90,2895
2017-02,BDIVISION,"127,637",113075,15699318,123,3523
2017-02,FLEET,"125,470",114261,26725153,213,6418
2017-02,R142,"186,998",148382,4487961,24,1030
2017-02,R142A,"43,767",47997,744035,17,220
2017-02,R143,"92,748",56254,927482,10,212
2017-02,R160,"277,244",245721,8317309,30,1662
2017-02,R188-CONVERSION,"182,809",201532,1096855,6,380
2017-02,R32,"42,268",33217,718553,17,222
2017-02,R46,"82,940",73917,3151705,38,752
2017-02,R62,"331,166",216306,1324662,4,315
2017-02,R62A,"78,042",84988,2965593,38,824
2017-02,R68,"98,964",120838,1880320,19,425
2017-02,R68A,"74,830",99385,598640,8,200
2017-02,R42,"105,309",42094,105309,1,50
2017-01,R188-NEW,"449,109",478981,449109,1,126
2017-01,ADIVISION,"140,328",114939,12489220,89,2895
2017-01,BDIVISION,"117,851",111652,17441958,148,3523
2017-01,FLEET,"126,292",113022,29931178,237,6418
2017-01,R142,"142,473",145002,4986546,35,1030
2017-01,R142A,"40,397",49145,848335,21,220
2017-01,R143,"95,759",54814,957587,10,212
2017-01,R160,"207,400",242160,9333006,45,1662
2017-01,R188-CONVERSION,"318,210",193909,1272841,4,380
2017-01,R32,"34,125",33331,818994,24,222
2017-01,R46,"79,827",73642,3432551,43,752
2017-01,R62,"289,549",205635,1447746,5,315
2017-01,R62A,"151,507",85925,3484660,23,824
2017-01,R68,"123,616",114085,2101464,17,425
2017-01,R68A,"130,539",102130,652695,5,200
2017-01,R42,"36,415",43444,145661,4,50
2016-12,R62,"705,750",198041,1411500,2,315
2016-12,R188-NEW,"509,697",476693,509697,1,126
2016-12,ADIVISION,"122,886",112264,12780118,104,2895
2016-12,BDIVISION,"95,353",112167,17354169,182,3523
2016-12,FLEET,"105,365",112208,30134287,286,6418
2016-12,R142,"174,496",143910,5060391,29,1030
2016-12,R142A,"39,217",50260,980424,25,220
2016-12,R143,"74,710",53805,1045945,14,212
2016-12,R160,"192,161",253300,9031554,47,1662
2016-12,R188-CONVERSION,"185,973",179596,1301810,7,380
2016-12,R32,"26,403",33268,871300,33,222
2016-12,R46,"64,019",73696,3457040,54,752
2016-12,R62A,"87,908",82447,3516307,40,824
2016-12,R68,"108,195",117531,2163896,20,425
2016-12,R68A,"72,602",98997,653418,9,200
2016-12,R42,"26,203",35260,131016,5,50
2016-11,R68A,"649,474",101337,649474,1,200
2016-11,R188-NEW,"437,603",521186,437603,1,126
2016-11,ADIVISION,"113,390",111779,12132718,107,2895
2016-11,BDIVISION,"127,553",114238,16709415,131,3523
2016-11,FLEET,"121,185",113179,28842133,238,6418
2016-11,R142,"107,662",142536,4737127,44,1030
2016-11,R142A,"52,661",50704,947901,18,220
2016-11,R143,"41,871",53651,963022,23,212
2016-11,R160,"241,472",268080,8692982,36,1662
2016-11,R188-CONVERSION,"250,699",184098,1253495,5,380
2016-11,R32,"63,745",32327,828683,13,222
2016-11,R46,"72,938",75503,3355161,46,752
2016-11,R62,"339,701",189436,1358803,4,315
2016-11,R62A,"97,080",82530,3397783,35,824
2016-11,R68,"208,188",117673,2081883,10,425
2016-11,R42,"69,105",36294,138210,2,50
2016-10,R188-NEW,"447,500",520801,447500,1,126
2016-10,ADIVISION,"110,553",110126,12160824,110,2895
2016-10,BDIVISION,"119,542",115889,16735904,140,3523
2016-10,FLEET,"115,587",113363,28896728,250,6418
2016-10,R142,"174,574",141529,4888072,28,1030
2016-10,R142A,"44,616",49762,936934,21,220
2016-10,R143,"75,664",57902,1059289,14,212
2016-10,R160,"216,987",277667,8896461,41,1662
2016-10,R188-CONVERSION,"159,928",170908,1279426,8,380
2016-10,R32,"27,303",31843,737173,27,222
2016-10,R46,"102,433",76836,3277869,32,752
2016-10,R62,"233,274",181061,1166368,5,315
2016-10,R62A,"73,245",82900,3442514,47,824
2016-10,R68,"116,820",116334,1985942,17,425
2016-10,R68A,"105,871",95093,635226,6,200
2016-10,R42,"47,981",33562,143944,3,50
2016-09,R188-NEW,N/A,581452,458588,0,126
2016-09,ADIVISION,"105,899",109708,12072440,114,2895
2016-09,BDIVISION,"110,017",117343,16392538,149,3523
2016-09,FLEET,"108,232",113961,28464978,263,6418
2016-09,R142,"142,277",139584,4837424,34,1030
2016-09,R142A,"46,880",51275,937605,20,220
2016-09,R143,"31,024",56423,992770,32,212
2016-09,R160,"321,509",286655,8680738,27,1662
2016-09,R188-CONVERSION,"165,271",163346,1322169,8,380
2016-09,R32,"41,366",32377,744593,18,222
2016-09,R46,"78,795",78057,3230585,41,752
2016-09,R62,"237,086",176174,1185429,5,315
2016-09,R62A,"70,878",83438,3331251,47,824
2016-09,R68,"117,936",114670,2004914,17,425
2016-09,R68A,"47,052",101595,611678,13,200
2016-09,R42,"127,260",32788,127260,1,50
2016-08,R188-NEW,"471,319",577083,471319,1,126
2016-08,ADIVISION,"75,644",110236,13010683,172,2895
2016-08,BDIVISION,"100,985",118332,17268395,171,3523
2016-08,FLEET,"88,277",114739,30279078,343,6418
2016-08,R142,"96,299",140112,5200148,54,1030
2016-08,R142A,"40,841",52689,1102720,27,220
2016-08,R143,"37,634",60738,1016109,27,212
2016-08,R160,"178,750",281764,9294997,52,1662
2016-08,R188-CONVERSION,"124,396",161483,1368356,11,380
2016-08,R32,"31,066",31369,714514,23,222
2016-08,R46,"69,184",78707,3390010,49,752
2016-08,R62,"124,967",174723,1374639,11,315
2016-08,R62A,"51,375",84451,3493470,68,824
2016-08,R68,"152,046",116366,2128649,14,425
2016-08,R68A,"99,610",114036,597659,6,200
2016-08,R42,0,31792,126457,0,50
2016-07,R188-NEW,N/A,573821,463170,0,126
2016-07,ADIVISION,"112,980",115675,12201891,108,2895
2016-07,BDIVISION,"101,795",122514,16592633,163,3523
2016-07,FLEET,"106,253",119505,28794524,271,6418
2016-07,R142,"122,445",149963,4775353,39,1030
2016-07,R142A,"64,635",54139,1034160,16,220
2016-07,R143,"64,804",64107,1036860,16,212
2016-07,R160,"238,718",306076,8832574,37,1662
2016-07,R188-CONVERSION,"213,926",170859,1283553,6,380
2016-07,R32,"22,465",31889,673959,30,222
2016-07,R46,"66,431",80611,3321526,50,752
2016-07,R62,"198,076",181356,1386529,7,315
2016-07,R62A,"81,479",89411,3259161,40,824
2016-07,R68,"106,583",115424,2025069,19,425
2016-07,R68A,"112,846",121840,564230,5,200
2016-07,R42,"23,069",32007,138415,6,50
2016-06,R188-NEW,N/A,472024,459144,0,124
2016-06,ADIVISION,"115,944",114270,12406055,107,2895
2016-06,BDIVISION,"114,281",125224,16570719,145,3523
2016-06,FLEET,"114,987",120313,28976774,252,6418
2016-06,R142,"151,208",154127,4838655,32,1030
2016-06,R142A,"48,506",52171,1018635,21,220
2016-06,R143,"58,766",61702,940256,16,212
2016-06,R160,"337,981",317875,8787503,26,1662
2016-06,R188-CONVERSION,"141,826",155578,1276432,9,360
2016-06,R32,"29,234",33028,789319,27,222
2016-06,R46,"64,526",82666,3290811,51,752
2016-06,R62,"201,559",187661,1410915,7,315
2016-06,R62A,"87,391",88834,3320843,38,824
2016-06,R68,"125,104",117467,2001667,16,425
2016-06,R68A,"125,739",119045,628693,5,200
2016-06,R42,"33,118",34399,132470,4,50
2016-05,R188-NEW,"419,760",436023,419760,1,123
2016-05,ADIVISION,"166,432",115734,12315935,74,2873
2016-05,BDIVISION,"125,483",127627,16563807,132,3523
2016-05,FLEET,"140,193",122280,28879742,206,6396
2016-05,R142,"164,409",154637,4767859,29,1030
2016-05,R142A,"85,801",54081,1029615,12,220
2016-05,R143,"53,295",61346,959307,18,212
2016-05,R160,"291,080",315794,8732409,30,1662
2016-05,R188-CONVERSION,"437,454",142293,1312363,3,350
2016-05,R32,"34,045",33996,783024,23,222
2016-05,R46,"107,292",86062,3326053,31,752
2016-05,R62,"371,098",195744,1484391,4,315
2016-05,R62A,"132,078",92333,3301945,25,824
2016-05,R68,"110,843",118007,1995175,18,425
2016-05,R68A,"103,361",123228,620164,6,200
2016-05,R42,"24,613",37603,147675,6,50
2016-04,R188-NEW,N/A,352571,382342,0,122
2016-04,ADIVISION,"134,481",113131,11699863,87,2862
2016-04,BDIVISION,"118,675",132408,16377189,138,3523
2016-04,FLEET,"124,787",123454,28077052,225,6385
2016-04,R142,"264,504",153221,4496564,17,1030
2016-04,R142A,"36,009",54135,972256,27,220
2016-04,R143,"97,147",63288,874320,9,212
2016-04,R160,"220,764",327425,8830579,40,1662
2016-04,R188-CONVERSION,"379,285",126637,1137856,3,340
2016-04,R32,"39,946",35666,758982,19,222
2016-04,R46,"65,712",89305,3219906,49,752
2016-04,R62,"172,414",190675,1379315,8,315
2016-04,R62A,"104,110",91604,3331531,32,824
2016-04,R68,"129,222",119902,1938328,15,425
2016-04,R68A,"150,969",128828,603875,4,200
2016-04,R42,"75,600",40140,151199,2,50
2016-03,R188-NEW,"207,966",315015,415931,2,120
2016-03,ADIVISION,"119,731",113001,12811223,107,2871
2016-03,BDIVISION,"111,160",136992,17340904,156,3523
2016-03,FLEET,"114,647",125613,30152127,263,6394
2016-03,R142,"188,507",148053,5089688,27,1030
2016-03,R142A,"62,512",57545,1062700,17,240
2016-03,R143,"49,211",62398,984212,20,212
2016-03,R160,"400,551",342377,9212662,23,1662
2016-03,R188-CONVERSION,"241,944",120191,1209720,5,320
2016-03,R32,"33,141",37761,861671,26,222
2016-03,R46,"61,603",94882,3388143,55,752
2016-03,R62,"107,782",182864,1508954,14,315
2016-03,R62A,"83,911",93882,3524241,42,824
2016-03,R68,"105,102",119846,2102048,20,425
2016-03,R68A,"91,162",126551,638134,7,200
2016-03,R42,"30,807",39309,154034,5,50
2016-02,ADIVISION,"109,629",113217,11730255,107,2870
2016-02,BDIVISION,"107,771",141763,15626764,145,3523
2016-02,FLEET,"108,560",128007,27357019,252,6393
2016-02,R142,"135,937",148354,4757790,35,1030
2016-02,R142A,"60,111",59156,1021894,17,250
2016-02,R143,"60,033",65164,900501,15,212
2016-02,R160,"228,469",345586,8224868,36,1662
2016-02,R188-CONVERSION,"122,986",110524,1106877,9,300
2016-02,R188-NEW,"118,208",335141,354624,3,118
2016-02,R32,"44,151",38362,750572,17,222
2016-02,R46,"78,770",101630,3150819,40,752
2016-02,R62,"167,022",190050,1336175,8,315
2016-02,R62A,"90,083",94755,3152890,35,824
2016-02,R68,"60,813",122788,1885200,31,425
2016-02,R68A,"100,046",123449,600274,6,200
2016-02,R42,0,41027,114530,0,50
2016-01,R188-NEW,"423,948",316687,423948,1,118
2016-01,ADIVISION,"104,209",112469,12192435,117,2852
2016-01,BDIVISION,"125,974",144892,16124633,128,3523
2016-01,FLEET,"115,580",129056,28317068,245,6375
2016-01,R142,"130,663",150637,4834537,37,1030
2016-01,R142A,"53,238",59739,1118001,21,265
2016-01,R143,"67,385",67420,1010772,15,212
2016-01,R160,"382,226",360118,8408961,22,1662
2016-01,R188-CONVERSION,"117,161",103191,1054446,9,300
2016-01,R32,"33,390",39134,734589,22,222
2016-01,R46,"80,839",101040,3314399,41,752
2016-01,R62,"179,299",184641,1434392,8,315
2016-01,R62A,"81,150",94337,3327143,41,824
2016-01,R68,"201,618",133897,2016183,10,425
2016-01,R68A,"87,161",121808,522964,6,200
2016-01,R42,"9,730",34880,116765,12,50
2015-12,R188-NEW,N/A,316396,477935,0,116
2015-12,ADIVISION,"116,411",114718,13038036,112,2862
2015-12,BDIVISION,"115,927",147047,17157164,148,3523
2015-12,FLEET,"116,135",131325,30195200,260,6385
2015-12,R142,"153,432",155577,5216672,34,1030
2015-12,R142A,"44,510",60216,1290779,29,275
2015-12,R143,"73,728",66835,958460,13,212
2015-12,R160,"376,192",365267,9028610,24,1662
2015-12,R188-CONVERSION,"280,793",102329,1123173,4,280
2015-12,R32,"20,607",40704,803681,39,222
2015-12,R46,"83,920",102701,3524646,42,752
2015-12,R62,"242,501",189960,1455004,6,315
2015-12,R62A,"89,089",97719,3474481,39,824
2015-12,R68,"109,243",129498,2075614,19,425
2015-12,R68A,"89,126",124358,623880,7,200
2015-12,R42,"35,568",39934,142273,4,50
2015-11,R188-NEW,"433,751",296913,433751,1,115
2015-11,ADIVISION,"95,433",115298,11929074,125,2850
2015-11,BDIVISION,"159,122",154230,16230449,102,3523
2015-11,FLEET,"124,051",134916,28159523,227,6373
2015-11,R142,"101,034",154683,4748596,47,1030
2015-11,R142A,"43,572",64162,1263575,29,285
2015-11,R143,"169,521",67467,847604,5,212
2015-11,R160,"390,144",373652,8583161,22,1662
2015-11,R188-CONVERSION,"97,986",91508,881877,9,270
2015-11,R32,"48,160",47382,818721,17,222
2015-11,R46,"91,788",106747,3212594,35,752
2015-11,R62,"169,301",199255,1354410,8,315
2015-11,R62A,"104,738",97622,3246882,31,824
2015-11,R68,"169,882",129936,2038581,12,425
2015-11,R68A,"116,056",131382,580279,5,200
2015-11,R42,"24,918",43297,149509,6,50
2015-10,R68A,"621,447",118127,621447,1,200
2015-10,R188-NEW,N/A,291646,472555,0,114
2015-10,ADIVISION,"105,813",116470,12697530,120,2848
2015-10,BDIVISION,"140,526",154916,17003647,121,3523
2015-10,FLEET,"123,241",135912,29701177,241,6371
2015-10,R142,"144,625",159664,5061884,35,1030
2015-10,R142A,"61,644",66142,1479446,24,305
2015-10,R143,"54,766",66012,876252,16,212
2015-10,R160,"305,285",370543,9158535,30,1662
2015-10,R188-CONVERSION,"97,091",89053,970912,10,260
2015-10,R32,"33,077",48392,793854,24,222
2015-10,R46,"136,808",109185,3283391,24,752
2015-10,R62,"158,484",196021,1426352,9,315
2015-10,R62A,"78,247",97423,3286389,42,824
2015-10,R68,"99,932",130648,2098572,21,425
2015-10,R42,"34,319",48774,171596,5,50
2015-09,R188-NEW,N/A,287308,419268,0,111
2015-09,ADIVISION,"112,260",119173,12124119,108,2847
2015-09,BDIVISION,"121,593",157190,16414995,135,3523
2015-09,FLEET,"117,445",138495,28539114,243,6370
2015-09,R142,"149,352",161375,4779260,32,1030
2015-09,R142A,"63,622",68424,1463316,23,315
2015-09,R143,"56,077",69332,953308,17,212
2015-09,R160,"260,245",378663,8848344,34,1662
2015-09,R188-CONVERSION,"139,832",88685,838989,6,230
2015-09,R32,"27,392",52418,739592,27,222
2015-09,R46,"87,984",106217,3167412,36,752
2015-09,R62,"199,581",191901,1397067,7,315
2015-09,R62A,"80,655",102412,3226197,40,824
2015-09,R68,"143,961",135299,2015459,14,425
2015-09,R68A,"116,529",101104,582644,5,200
2015-09,R42,"54,118",55975,108236,2,50
2015-08,R68A,"300,994",101101,601987,2,200
2015-08,R188-NEW,"441,962",271515,441962,1,110
2015-08,ADIVISION,"119,835",121766,12223160,102,2856
2015-08,BDIVISION,"153,352",159851,16715321,109,3523
2015-08,FLEET,"137,149",141167,28938481,211,6379
2015-08,R142,"198,750",159357,4968755,25,1030
2015-08,R142A,"54,972",71525,1484255,27,335
2015-08,R143,"58,811",72972,940979,16,212
2015-08,R160,"426,096",386678,8948012,21,1662
2015-08,R188-CONVERSION,"263,017",85059,789052,3,220
2015-08,R32,"38,934",54072,739739,19,222
2015-08,R42,0,58420,137656,0,50
2015-08,R46,"91,664",106149,3299887,36,752
2015-08,R62,"184,660",196480,1292618,7,315
2015-08,R62A,"83,246",108329,3246576,39,824
2015-08,R68,"136,471",136795,2047061,15,425
2015-07,R188-NEW,"245,520",264778,491040,2,108
2015-07,ADIVISION,"98,966",124287,12469713,126,2849
2015-07,BDIVISION,"129,620",157974,16980270,131,3523
2015-07,FLEET,"114,591",141719,29449983,257,6372
2015-07,R142,"167,375",157685,4853887,29,1030
2015-07,R142A,"43,568",76481,1612019,37,350
2015-07,R143,"44,720",76204,983836,22,212
2015-07,R160,"363,545",381838,9088619,25,1662
2015-07,R188-CONVERSION,"74,456",77140,744562,10,200
2015-07,R42,"62,610",54684,125220,2,50
2015-07,R32,"33,666",55402,706988,21,222
2015-07,R46,"87,798",101263,3336335,38,752
2015-07,R62,"352,466",202707,1409864,4,315
2015-07,R62A,"76,325",112581,3358308,44,824
2015-07,R68,"131,368",143243,2101881,16,425
2015-07,R68A,"91,056",87259,637391,7,200
2015-06,R188-NEW,"499,157",271262,499157,1,107
2015-06,ADIVISION,"137,238",126573,12214173,89,2821
2015-06,BDIVISION,"144,019",160160,16562201,115,3523
2015-06,FLEET,"141,061",143983,28776374,204,6344
2015-06,R142,"157,332",152238,4877290,31,1030
2015-06,R142A,"73,417",80985,1615166,22,355
2015-06,R143,"54,715",83242,875440,16,212
2015-06,R160,"311,652",389131,8726248,28,1662
2015-06,R188-CONVERSION,"53,373",79279,640470,12,190
2015-06,R42,"173,440",55699,173440,1,50
2015-06,R32,"41,559",55540,789620,19,222
2015-06,R46,"101,962",100724,3364741,33,752
2015-06,R62,"451,820",200700,1355461,3,315
2015-06,R62A,"161,333",118541,3226667,20,824
2015-06,R68,"133,021",145981,1995311,15,425
2015-06,R68A,"212,467",85470,637401,3,200
2015-05,ADIVISION,"119,228",126472,12280494,103,2841
2015-05,BDIVISION,"220,863",161157,16343886,74,3523
2015-05,FLEET,"161,720",144395,28624380,177,6364
2015-05,R142,"146,831",154485,4845439,33,1030
2015-05,R142A,"69,343",82715,1802914,26,375
2015-05,R143,"80,639",89140,806388,10,212
2015-05,R160,"483,308",397362,8699544,18,1662
2015-05,R188-CONVERSION,"80,761",88003,646089,8,170
2015-05,R188-NEW,"119,015",277870,476059,4,105
2015-05,R32,"70,546",58101,846546,12,222
2015-05,R42,"50,649",53973,101297,2,50
2015-05,R46,"235,718",96435,3300057,14,752
2015-05,R62,"238,293",184716,1429760,6,315
2015-05,R62A,"118,470",115029,3080216,26,824
2015-05,R68,"135,062",150795,2025937,15,425
2015-05,R68A,"188,039",80590,564117,3,200
2015-04,R188-NEW,"224,514",338493,449028,2,104
2015-04,ADIVISION,"130,885",126982,12434092,95,2834
2015-04,BDIVISION,"185,949",157132,16549453,89,3523
2015-04,FLEET,"157,519",142799,28983545,184,6357
2015-04,R142,"148,220",154921,4891272,33,1030
2015-04,R142A,"75,799",83409,1819180,24,390
2015-04,R143,"78,195",91540,781952,10,212
2015-04,R160,"341,032",377858,8866841,26,1662
2015-04,R188-CONVERSION,"190,208",89890,570625,3,160
2015-04,R42,"77,790",55119,77790,1,50
2015-04,R32,"122,100",59547,854700,7,222
2015-04,R46,"138,269",91119,3318460,24,752
2015-04,R62,"118,623",180525,1423476,12,315
2015-04,R62A,"156,216",115613,3280541,21,824
2015-04,R68,"127,925",151111,2046799,16,425
2015-04,R68A,"120,582",78648,602911,5,200
2015-03,R188-NEW,"422,922",369787,422922,1,102
2015-03,R42,"49,844",52852,99688,2,50
2015-03,ADIVISION,"123,016",127705,12301560,100,2838
2015-03,BDIVISION,"162,318",155031,17043393,105,3523
2015-03,FLEET,"143,146",142179,29344953,205,6361
2015-03,R142,"196,508",159082,4912696,25,1030
2015-03,R142A,"81,402",81411,1953651,24,405
2015-03,R143,"80,160",91156,881764,11,212
2015-03,R160,"458,386",373402,9167716,20,1662
2015-03,R188-CONVERSION,"78,264",79858,469584,6,150
2015-03,R32,"39,016",58739,858341,22,222
2015-03,R46,"124,549",88347,3362831,27,752
2015-03,R62,"140,981",201851,1409805,10,315
2015-03,R62A,"92,144",115312,3132890,34,824
2015-03,R68,"139,220",152140,2088305,15,425
2015-03,R68A,"73,094",81170,584748,8,200
2015-02,ADIVISION,"100,730",125624,10979521,109,2842
2015-02,BDIVISION,"135,914",157861,15086464,111,3523
2015-02,FLEET,"118,482",142422,26065985,220,6365
2015-02,R142,"165,625",151905,4306242,26,1030
2015-02,R142A,"66,775",79373,1736140,26,420
2015-02,R143,"105,094",93211,735660,7,212
2015-02,R160,"347,396",375314,7990115,23,1662
2015-02,R188-CONVERSION,"43,884",80256,351068,8,130
2015-02,R188-NEW,"94,014",372521,376056,4,101
2015-02,R32,"60,308",62541,784003,13,222
2015-02,R42,"16,058",50228,96349,6,50
2015-02,R46,"73,703",88877,3021838,41,752
2015-02,R62,"122,947",207454,1229474,10,315
2015-02,R62A,"85,160",117791,2980587,35,824
2015-02,R68,"130,226",155771,1953385,15,425
2015-02,R68A,"84,186",85175,505114,6,200
2015-01,R188-NEW,"418,994",560628,418994,1,100
2015-01,ADIVISION,"133,694",126912,12032417,90,2835
2015-01,BDIVISION,"149,309",157943,16573276,111,3523
2015-01,FLEET,"142,317",143150,28605693,201,6358
2015-01,R142,"195,171",146801,4879280,25,1030
2015-01,R142A,"60,297",81594,1869210,31,435
2015-01,R143,"61,220",87881,918303,15,212
2015-01,R160,"464,302",375347,8821731,19,1662
2015-01,R188-CONVERSION,"121,531",98442,364593,3,120
2015-01,R32,"55,303",60354,829552,15,222
2015-01,R42,"15,752",54105,94509,6,50
2015-01,R46,"95,443",90950,3245046,34,752
2015-01,R62,"268,652",215548,1343259,5,315
2015-01,R62A,"126,282",121234,3157061,25,824
2015-01,R68,"124,569",156180,2117669,17,425
2015-01,R68A,"109,293",86097,546466,5,200
